post_title,post_name,post_content,product_page_url
"ADHESIVO LASHTITE DARK 22ml",adhesivo-lashtite-dark-3-5g-0-125oz,,https://www.lacopro.cl/producto/adhesivo-lashtite-dark-3-5g-0-125oz/
"LIMA SUPERNAIL 100/100",lima-supernail-100-100,,https://www.lacopro.cl/producto/lima-supernail-100-100/
"LIMA SUPERNAIL 180/180",lima-supernail-180-180,,https://www.lacopro.cl/producto/lima-supernail-180-180/
"BLOCK MORADO",block-morado,,https://www.lacopro.cl/producto/block-morado/
"BLOCK BRILLO/ FLASH SHINNER",block-brillo-flash-shinner,,https://www.lacopro.cl/producto/block-brillo-flash-shinner/
"LIMA DELGADA/ GARNET FILE 100/150",lima-delgada-garnet-file-100-150,"Lima porosidad 100/150 , delgada ideal para ángulos. Origen USA",https://www.lacopro.cl/producto/lima-delgada-garnet-file-100-150/
"LIMA RECTA NEGRA 80/80",lima-recta-negra-80-80,,https://www.lacopro.cl/producto/lima-recta-negra-80-80/
"LIMA RECTA NEGRA 80/100",lima-recta-negra-80-100,,https://www.lacopro.cl/producto/lima-recta-negra-80-100/
"LIMA RECTA ZEBRA 80/100",lima-recta-zebra-80-100,,https://www.lacopro.cl/producto/lima-recta-zebra-80-100/
"LIMA RECTA BLANCA 100/100",lima-recta-blanca-100-100,,https://www.lacopro.cl/producto/lima-recta-blanca-100-100/
"LIMA RECTA BLANCA 100/80",lima-recta-blanca-100-80,,https://www.lacopro.cl/producto/lima-recta-blanca-100-80/
"LIMA RECTA ROSADA 280/320",lima-recta-rosada-280-320,,https://www.lacopro.cl/producto/lima-recta-rosada-280-320/
"LIMA X BLACK 80/80/ BLACK X 80/80",lima-x-black-80-80-black-x-80-80,,https://www.lacopro.cl/producto/lima-x-black-80-80-black-x-80-80/
"LIMA X BLANCA 80/80/ WHITE X 80/80",lima-x-blanca-80-80-white-x-80-80,,https://www.lacopro.cl/producto/lima-x-blanca-80-80-white-x-80-80/
"PIES ELECTRICOS SPA",pies-electricos-spa,,https://www.lacopro.cl/producto/pies-electricos-spa/
"BIGUDIES SMALL",bigudies-small,,https://www.lacopro.cl/producto/bigudies-small/
"BIGUDIE MEDIANO",bigudie-mediano,,https://www.lacopro.cl/producto/bigudie-mediano/
"BIGUDIE LARGE",bigudie-large,,https://www.lacopro.cl/producto/bigudie-large/
"MITON TOALLA SPA",miton-toalla-spa,,https://www.lacopro.cl/producto/miton-toalla-spa/
"QUITA ESMALTE OLEOSO 1LT",quita-esmalte-oleoso-1lt,,https://www.lacopro.cl/producto/quita-esmalte-oleoso-1lt/
"LIMA PIE/FOOT RASP",lima-pie-foot-rasp,,https://www.lacopro.cl/producto/lima-pie-foot-rasp/
"ELIMINADOR DE CALLOS 29.5ML/1OZ CALLUS OFF",eliminador-de-callos-29-5ml-1oz-callous-off,"Eliminador de callos, funciona en 3 a 5 minutos.",https://www.lacopro.cl/producto/eliminador-de-callos-29-5ml-1oz-callous-off/
"ELIMINADOR DE CUTICULAS 59ML/CUTICLE OFF GENA",eliminador-de-cuticulas-59ml-cuticle-off-gena,"Elimina la cutícula en segundos y hace el trabajo por usted. Elimina instantáneamente incluso el crecimiento más duro.",https://www.lacopro.cl/producto/eliminador-de-cuticulas-59ml-cuticle-off-gena/
"VASOS PARA MANICURE 25 UNID",vasos-para-manicure-25-unid,"Vasos para manicure y líquidos o cremas, desechables, autoaislantes y de cómodo diseño.",https://www.lacopro.cl/producto/vasos-para-manicure-25-unid/
"QUICK TAN AUTOBRONCEANTE 170GR. BODY DRENCH",quick-tan-autobronceante-170gr-body-drench,"Spray autobronceante instantáneo, color mediano oscuro. Otorga un look natural bronceado durante todo el año. Fácil de aplicar, puedes ver tu tono en 3 a 5 minutos. Marca Body Drench, origen USA.",https://www.lacopro.cl/producto/quick-tan-autobronceante-170gr-body-drench/
"ADHESIVO PESTAÑAS INDIVIDUALES TRANSPARENTE 3.5GR/ LASHTITE CLEAR",adhesivo-pestanas-individuales-transparente-3-5gr-lashtite-clear,"Adhesivo pestañas individuales transparente. Marca Ardell, origen USA.",https://www.lacopro.cl/producto/adhesivo-pestanas-individuales-transparente-3-5gr-lashtite-clear/
"POLVO DEFINICION CEJAS TAUPE 2.2GR. ARDELL",polvo-definicion-cejas-taupe-2-2gr-ardell,"Polvo definición cejas, color gris pardo suave, alta fijación, pigmentos concentrado para crear cejas naturales, sin brillo. Marca Ardell, origen USA",https://www.lacopro.cl/producto/polvo-definicion-cejas-taupe-2-2gr-ardell/
"POLVO DEFINICION CEJAS NEGRO SUAVE 2.2GR",polvo-definicion-cejas-negro-suave-2-2gr,"Polvo definición cejas, negro suave 2.2gr, alta fijación, pigmentos concentrados para lograr cejas naturales, sin brillo. Marca Ardell, USA",https://www.lacopro.cl/producto/polvo-definicion-cejas-negro-suave-2-2gr/
"POLVO DEFINICION CEJAS CAFE MEDIANO 2.2GR. ARDELL",polvo-definicion-cejas-cafe-mediano-2-2gr-ardell,"Polvo definición cejas, alta fijación, sin brillo, pigmentos concentrados para lograr cejas naturales. Marca Ardell, origen USA",https://www.lacopro.cl/producto/polvo-definicion-cejas-cafe-mediano-2-2gr-ardell/
"POLVO DEFINICION CEJAS CAFE OSCURO 2.2GR ARDELL",polvo-definicion-cejas-cafe-oscuro-2-2gr-ardell,"Polvo definición cejas, alta fijación, sin brillo, pigmentos concentrados para lograr un look natural. Marca Ardell , origen USA",https://www.lacopro.cl/producto/polvo-definicion-cejas-cafe-oscuro-2-2gr-ardell/
"MOLDE STENCIL CEJAS 4 MODELOS ARDELL",molde-stencil-cejas-4-modelos-ardell,"Molde cejas reutilizable, cuatro modelos, delicado, elegante, glamoroso y clásico. Marca Ardell, origen USA.",https://www.lacopro.cl/producto/molde-stencil-cejas-4-modelos-ardell/
"WISPIES PESTAÑA DE TIRA ARDELL",wispies-pestana-de-tira-ardell,,https://www.lacopro.cl/producto/wispies-pestana-de-tira-ardell/
"SEXIES PESTAÑA DE TIRA ARDELL",sexies-pestana-de-tira-ardell,,https://www.lacopro.cl/producto/sexies-pestana-de-tira-ardell/
"FUN PESTAÑA DE TIRA ARDELL",fun-pestana-de-tira-ardell,,https://www.lacopro.cl/producto/fun-pestana-de-tira-ardell/
"REFECTOCIL TINTURA PESTAÑAS Y CEJAS NEGRA N°1 BLACK 15ML",tintura-pestanas-y-cejas-negra-refectocil-n1-black-15ml,"Tinte para pestañas, cejas, barba y patillas. Producto diseñado especialmente para esos vellos, asegurando su perfecta coloración, duración y acondicionamiento. Marca Refectocil, origen Austria.",https://www.lacopro.cl/producto/tintura-pestanas-y-cejas-negra-refectocil-n1-black-15ml/
"REFECTOCIL PETALOS PROTECTORES PAPEL",petalos-protectores-papel-refectocil,,https://www.lacopro.cl/producto/petalos-protectores-papel-refectocil/
"MOLDES 3D",moldes-3d,"Molde silicona para decoraciones en 3D, apto para acrílico y gel.",https://www.lacopro.cl/producto/moldes-3d/
"STENCIL DISEÑO X 4 UNIDADES",stencil-diseno-x-4-unidades,,https://www.lacopro.cl/producto/stencil-diseno-x-4-unidades/
"BASE ESMALTADO GEL PROGEL 80304 SUPERNAIL 14ML",base-esmaltado-gel-progel-supernail-14ml,"Capa base Progel, crea una base tersa y uniforme para una aplicación impecable. Aplicar una capa delgada de Base Progel, cure bajo la lámpara LED por 30 segundos, y 1 minuto en la UV. Marca Supernail, origen USA",https://www.lacopro.cl/producto/base-esmaltado-gel-progel-supernail-14ml/
"ADHESIVO SUPERBOND 80305 SUPERNAIL 14ML",adhesivo-superbond-supernail-14ml,"Adhesivo que maximiza la adherencia del del. Marca Supernail, origen USA.",https://www.lacopro.cl/producto/adhesivo-superbond-supernail-14ml/
"TOP ESMALTADO GEL PROGEL 80306",top-esmaltado-gel-progel-supernail-14ml,"Aplíquelo sobre el color del gel para un acabado superfuerte y brillante.Cure bajo la lámpara LED por 30 segundos, en la lámpara UV durante 2 minutos. Marca Supernail, origen USA.",https://www.lacopro.cl/producto/top-esmaltado-gel-progel-supernail-14ml/
"TOP MATTE PROGEL SUPERNAIL 14ML",top-matte-progel-supernail-14ml,"Capa superior Progel, hazlo Matte. Especial para dar a alas uñas un aspecto más moderno y acabado mate de última tendencia cuando se aplica sobre cualquier esmalte gel. Reinventa cualquier  color de esmalte gel con un efecto mate. Ofrece uñas sin descascarar, que duran semanas.",https://www.lacopro.cl/producto/top-matte-progel-supernail-14ml/
"OBSIDIAN PROGEL 80125",obsidian-progel-14ml,,https://www.lacopro.cl/producto/obsidian-progel-14ml/
"BALTIC PROGEL 80123",baltic-progel-14ml,,https://www.lacopro.cl/producto/baltic-progel-14ml/
"BLUE GRANITE PROGEL 80122",blue-granite-progel-14ml,,https://www.lacopro.cl/producto/blue-granite-progel-14ml/
"CITY LIGHTS PROGEL 80121",city-lights-progel-14ml,,https://www.lacopro.cl/producto/city-lights-progel-14ml/
"ROMAN RED PROGEL 80120",roman-red-progel-14ml,,https://www.lacopro.cl/producto/roman-red-progel-14ml/
"PURPLE PLUME PROGEL 80118",purple-plume-14ml,,https://www.lacopro.cl/producto/purple-plume-14ml/
"LOTUS BLOSSOM PROGEL 80117",lotus-blossom-14ml,,https://www.lacopro.cl/producto/lotus-blossom-14ml/
"MULLING SPICE PROGEL 80116",mulling-spice-14ml,,https://www.lacopro.cl/producto/mulling-spice-14ml/
"RUBY SCEPTER PROGEL 80114",ruby-scepter-14ml,,https://www.lacopro.cl/producto/ruby-scepter-14ml/
"ALOHA PUNCH PROGEL 80113",aloha-punch-14ml,,https://www.lacopro.cl/producto/aloha-punch-14ml/
"LILAC FROST PROGEL 80108",lilac-frost-14ml,,https://www.lacopro.cl/producto/lilac-frost-14ml/
"TOFFEE BUTTER PROGEL 80107",toffee-butter-14ml,,https://www.lacopro.cl/producto/toffee-butter-14ml/
"SILVER DOLLAR14ML PROGEL 80105",silver-dollar-14ml,,https://www.lacopro.cl/producto/silver-dollar-14ml/
"REPUJADOR PLASTICO/ NO STICK",repujador-plastico-no-stick,,https://www.lacopro.cl/producto/repujador-plastico-no-stick/
"PATA CABRA 4UNID.",pata-cabra-4unid,,https://www.lacopro.cl/producto/pata-cabra-4unid/
"PALOS MODELADORES DISEÑO 5 UNID",palos-modeladores-diseno-5-unid,,https://www.lacopro.cl/producto/palos-modeladores-diseno-5-unid/
"WYPALL X70",wypall-70-plus,"Papel con gran poder de limpieza, sustituye trapos, paños y toallas. Alta absorción. 88 hojas de 28cmx41,5cm",https://www.lacopro.cl/producto/wypall-70-plus/
"VASO VIDRIO",vaso-vidrio,,https://www.lacopro.cl/producto/vaso-vidrio/
"REMOJADOR DEDOS/ SOAKERS 10 UNID",remojador-dedos-soakers-10-unid,,https://www.lacopro.cl/producto/remojador-dedos-soakers-10-unid/
"MOSTRARIO RUEDA",mostrario-rueda,,https://www.lacopro.cl/producto/mostrario-rueda/
"PRIMER/NAIL PRIMER 7ML",primer-nail-primer-7ml,,https://www.lacopro.cl/producto/primer-nail-primer-7ml/
"COVER COOL PINK 56GR",cover-cool-pink-56gr,,https://www.lacopro.cl/producto/cover-cool-pink-56gr/
"LIMA METAL",lima-metal,,https://www.lacopro.cl/producto/lima-metal/
"POLVO ACRILICO TRANSPARENTE 56GR/CLEAR POWDER",polvo-acrilico-trasnparente-56gr-clear-powder,,https://www.lacopro.cl/producto/polvo-acrilico-trasnparente-56gr-clear-powder/
"POLVO ACRILICO TRANSPARENTE 21GR/CLEAR POWDER",polvo-acrilico-transparente-21gr-clear-powder,,https://www.lacopro.cl/producto/polvo-acrilico-transparente-21gr-clear-powder/
"POLVO ACRILICO ROSADO 113GR/PINK POWDER",polvo-acrilico-rosado-113gr-pink-powder,,https://www.lacopro.cl/producto/polvo-acrilico-rosado-113gr-pink-powder/
"POLVO ACRILICO ROSADO 56GR/PINK POWDER",polvo-acrilico-rosado-56gr-pink-powder,,https://www.lacopro.cl/producto/polvo-acrilico-rosado-56gr-pink-powder/
"POLVO ACRILICO ROSADO 21GR/PINK POWDER",polvo-acrilico-rosado-21gr-pink-powder,,https://www.lacopro.cl/producto/polvo-acrilico-rosado-21gr-pink-powder/
"POLVO ACRILICO BLANCO 113GR/WHITE POWDER",polvo-acrilico-blanco-113gr-white-powder,,https://www.lacopro.cl/producto/polvo-acrilico-blanco-113gr-white-powder/
"POLVO ACRILICO BLANCO 21GR/WHITE POWDER",polvo-acrilico-blanco-21gr-white-powder,,https://www.lacopro.cl/producto/polvo-acrilico-blanco-21gr-white-powder/
"AUBERGINE PROGEL 80280",aubergine-progel-80280,,https://www.lacopro.cl/producto/aubergine-progel-80280/
"TROPHY CUP PROGEL 80102",trophy-cup-progel-80102,,https://www.lacopro.cl/producto/trophy-cup-progel-80102/
"SWEET AS PIE PROGEL 81453",sweet-as-pie-progel-81453,,https://www.lacopro.cl/producto/sweet-as-pie-progel-81453/
"SUMMER FLING PROGEL 81910",summer-fling-progel-81909,,https://www.lacopro.cl/producto/summer-fling-progel-81909/
"SUMMER CRUSH PROGEL 80142",summer-crush-progel-80142,,https://www.lacopro.cl/producto/summer-crush-progel-80142/
"SPICED SUGAR PROGEL 80302",spiced-sugar-progel-80302,,https://www.lacopro.cl/producto/spiced-sugar-progel-80302/
"SO ROMANTIC PROGEL 80300",so-romantic-progel-80300,,https://www.lacopro.cl/producto/so-romantic-progel-80300/
"SEA OF CAPRI PROGEL 80299",sea-of-capri-progel-80299,,https://www.lacopro.cl/producto/sea-of-capri-progel-80299/
"SEA FOAM PROGEL 80298",sea-foam-progel-80298,,https://www.lacopro.cl/producto/sea-foam-progel-80298/
"RAW INDIGO PROGEL 82798",raw-indigo-progel-82798,,https://www.lacopro.cl/producto/raw-indigo-progel-82798/
"POPPY PROGEL 80297",poppy-progel-80297,,https://www.lacopro.cl/producto/poppy-progel-80297/
"PLUM POTION PROGEL 80296",olum-potion-progel-80296,,https://www.lacopro.cl/producto/olum-potion-progel-80296/
"PIROUETTE PROGEL 81405",pirouette-progel-81405,,https://www.lacopro.cl/producto/pirouette-progel-81405/
"PINK PORCELAIN PROGEL 80156",pink-porcelain-progel-80156,,https://www.lacopro.cl/producto/pink-porcelain-progel-80156/
"PINK DAHLIA PROGEL 80295",pink-dahlia-progel-80295,,https://www.lacopro.cl/producto/pink-dahlia-progel-80295/
"PARIS ROSE PROGEL 80294",paris-rose-progel-80294,,https://www.lacopro.cl/producto/paris-rose-progel-80294/
"PA-PA-YA OVER YOU PROGEL 82809",pa-pa-ya-over-you-progel-82809,,https://www.lacopro.cl/producto/pa-pa-ya-over-you-progel-82809/
"NAPA HARVEST PROGEL 80147",napa-harvest-progel-80147,,https://www.lacopro.cl/producto/napa-harvest-progel-80147/
"MANGO TANGO PROGEL 81411",mango-tango-progel-81411,,https://www.lacopro.cl/producto/mango-tango-progel-81411/
"MALBEC PROGEL 80293",malbec-progel-80293,,https://www.lacopro.cl/producto/malbec-progel-80293/
"LOVE-Y DOVE-Y PROGEL 82808",love-y-dove-y-progel-82808,,https://www.lacopro.cl/producto/love-y-dove-y-progel-82808/
"LIPSTICK KISSES PROGEL 81408",lipstick-kisses-progel-81408,,https://www.lacopro.cl/producto/lipstick-kisses-progel-81408/
"LIFE GUARD ON DUTY PROGEL 81911",life-guard-on-duty-progel-81911,,https://www.lacopro.cl/producto/life-guard-on-duty-progel-81911/
"LICKITY LIME PROGEL 81965",lickity-lime-progel-81965,,https://www.lacopro.cl/producto/lickity-lime-progel-81965/
"LAVENDER BOUQUET PROGEL 80150",lavender-bouquet-progel-80150,,https://www.lacopro.cl/producto/lavender-bouquet-progel-80150/
"ITALIAN MELON PROGEL 80111",italian-melon-progel-80111,,https://www.lacopro.cl/producto/italian-melon-progel-80111/
"HONEY DEWY PROGEL 82810",honey-dewy-progel-82810,,https://www.lacopro.cl/producto/honey-dewy-progel-82810/
"GLOWING AURA PROGEL 80291",glowing-aura-progel-80291,,https://www.lacopro.cl/producto/glowing-aura-progel-80291/
"GARGOYLE PROGEL 80290",gargoyle-progel-80290,,https://www.lacopro.cl/producto/gargoyle-progel-80290/
"DEEP ABYSS PROGEL 80288",deep-abyss-progel-80288,,https://www.lacopro.cl/producto/deep-abyss-progel-80288/
"CUPIDS ARROW PROGEL 80158",cupids-arrow-progel-80158,,https://www.lacopro.cl/producto/cupids-arrow-progel-80158/
"CONFETTI CAKE PROGEL 81454",confetti-cake-progel-81454,,https://www.lacopro.cl/producto/confetti-cake-progel-81454/
"CHERRY BLOOM PROGEL 80285",cherry-bloom-progel-80285,,https://www.lacopro.cl/producto/cherry-bloom-progel-80285/
"CAMEO CORAL PROGEL 80112",cameo-coral-progel-80112,,https://www.lacopro.cl/producto/cameo-coral-progel-80112/
"CADET GREY PROGEL 80284",cadet-grey-progel-80284,,https://www.lacopro.cl/producto/cadet-grey-progel-80284/
"CACTUS FLOWER PROGEL 80283",cactus-flower-progel-80283,,https://www.lacopro.cl/producto/cactus-flower-progel-80283/
"BUSY BEE PROGEL 81416",busy-bee-progel-81416,,https://www.lacopro.cl/producto/busy-bee-progel-81416/
"BRONZE MEDAL PROGEL 80103",bronze-medal-progel-80103,,https://www.lacopro.cl/producto/bronze-medal-progel-80103/
"BRIAR ROSE PROGEL 80282",briar-rose-progel-80282,,https://www.lacopro.cl/producto/briar-rose-progel-80282/
"BERRY SHAKE PROGEL 80109",berry-shake-progel-80109,,https://www.lacopro.cl/producto/berry-shake-progel-80109/
"CHILLI PEPPER PROGEL 80144",chilli-pepper-progel-80144,,https://www.lacopro.cl/producto/chilli-pepper-progel-80144/
"BEACHY PINK PROGEL 80281",beachy-pink-progel-80281,,https://www.lacopro.cl/producto/beachy-pink-progel-80281/
"BERMUDA SHELL PROGEL 81406",bermuda-shell-progel-81406,,https://www.lacopro.cl/producto/bermuda-shell-progel-81406/
"BEACHCOMBER PROGEL 81909",beachcomber-progel-81909,,https://www.lacopro.cl/producto/beachcomber-progel-81909/
"DREAMSICLE CREAMSICLE PROGEL 81912",dreamsicle-creamsicle-progel-81914,,https://www.lacopro.cl/producto/dreamsicle-creamsicle-progel-81914/
"SEA BREEZE PROGEL 81914",sea-breeze-progel-81912,,https://www.lacopro.cl/producto/sea-breeze-progel-81912/
"PAINT ME SOME SUN PROGEL 81916",paint-me-some-sun-progel-81916,,https://www.lacopro.cl/producto/paint-me-some-sun-progel-81916/
"MINT ME IN MAUI PROGEL 81964",mint-me-in-maui-progel-81964,,https://www.lacopro.cl/producto/mint-me-in-maui-progel-81964/
"MAGENTA ME WILD PROGEL 81967",magenta-me-wild-progel-81967,,https://www.lacopro.cl/producto/magenta-me-wild-progel-81967/
"LA LA LOVENDER PROGEL 82811",la-la-lovender-progel-82811,,https://www.lacopro.cl/producto/la-la-lovender-progel-82811/
"AGUJAS MICROIMPLANTACIÓN 1 PUNTA X 10 UNID",agujas-microimplantacion-1-punta-x-10-unid,,https://www.lacopro.cl/producto/agujas-microimplantacion-1-punta-x-10-unid/
"AGUJA MICROIMPLANTACIÓN 2 PUNTAS X 10 UNID",aguja-microimplantacion-2-puntas-x-10-unid,,https://www.lacopro.cl/producto/aguja-microimplantacion-2-puntas-x-10-unid/
"AGUJA DELINEADO 3 PUNTAS X 10 UNID",aguja-delineado-3-puntas-x-10-unid,,https://www.lacopro.cl/producto/aguja-delineado-3-puntas-x-10-unid/
"AGUJA MICROIMPLANTACION 5 PUNTAS X 10 UNID.",aguja-microimplantacion-5-puntas-x-10-unid,,https://www.lacopro.cl/producto/aguja-microimplantacion-5-puntas-x-10-unid/
"CABEZA DE AGUJA X 10 UNID",cabeza-de-aguja-x-10-unid,,https://www.lacopro.cl/producto/cabeza-de-aguja-x-10-unid/
"TUBO DE TRANSMISION X 10 UNID",tubo-de-transmision-x-10-unid,,https://www.lacopro.cl/producto/tubo-de-transmision-x-10-unid/
"FUNGI- CIDE 29ML",fungi-cide-29ml,"Para el tratamiento eficaz de infecciones comunes de hongos, incluyendo tinea corpus y tiena pedis, que ocurren en los dedos de pies y manos. Funbgicide aliva el prurito, el ardor y la irritación provocados por el hongo. Fungicide, no provocará el desprendimiento de uñas artificiales. Antifúngico de los pies y manos, apto para dedos y uñas.",https://www.lacopro.cl/producto/fungi-cide-29ml/
"SUPERVIZOR 14ML",supervizor-14ml,"Abrillanta y blanquea. Sella y protege las uñas artificiales contra el amarillamiento por rayos UV. Para uso en uñas acrílicas y gel.",https://www.lacopro.cl/producto/supervizor-14ml/
"RAPID SEAL LED/UV 14ML",rapid-seal-led-uv-14ml,"Aplique una capa delgada de sellante LED/UV sobre gel y acrilico , cure bajo la lampara LED 30 seg o una UV por 30 seg. No es necesario limpiar.",https://www.lacopro.cl/producto/rapid-seal-led-uv-14ml/
"UV TOP COAT 14 ML",uv-top-coat-14-ml,"Exponer a luz UV 3 minutos.",https://www.lacopro.cl/producto/uv-top-coat-14-ml/
"LED/UV BUIDER GEL WHITE 56 GR/ GEL CONSTRUCTOR BLANCO.",led-uv-buider-gel-white-56-gr-gel-constructor-blanco,"Curar 1 minuto en luz LED y 4 minutos en luz UV.",https://www.lacopro.cl/producto/led-uv-buider-gel-white-56-gr-gel-constructor-blanco/
"LED/UV BUILDER GEL PINK/GEL CONSTRUCTOR ROSADO",led-uv-builder-gel-pink-gel-constructor-rosado,"Curar 1 minuto lampara LED y 3 minutos luz UV.",https://www.lacopro.cl/producto/led-uv-builder-gel-pink-gel-constructor-rosado/
"LED/UV CLEAR GEL 56GR/ GEL TRANSPARENTE",led-uv-clear-gel-56gr-gel-transparente,"Curar 30 seg luz LED y 1 minuto UV",https://www.lacopro.cl/producto/led-uv-clear-gel-56gr-gel-transparente/
"LED/UV BUILDER GEL COVER PINK 14GR/ GEL CONSTRUCTOR COVER ROSADO",led-uv-builder-gel-cover-pink-14gr-gel-constructor-cover-rosado,"Curar 1 minuto enm luz LED y 3 minutos en UV",https://www.lacopro.cl/producto/led-uv-builder-gel-cover-pink-14gr-gel-constructor-cover-rosado/
"LED/UV BUILDER GEL PURE WHITE 14GR/ GEL CONSTRUCTOR BLANCO",led-uv-builder-gel-pure-white-14gr-gel-constructor-blanco,"Curar 1 minuto luz LED y 4 minutos  luz UV",https://www.lacopro.cl/producto/led-uv-builder-gel-pure-white-14gr-gel-constructor-blanco/
"BITE NO MORE 14ML/LIQUIDO PARA NO COMERSE LAS UÑAS",bite-no-more-14ml-liquido-para-no-comerse-las-unas,"Tratamiento para onicofagia con Bitrex.",https://www.lacopro.cl/producto/bite-no-more-14ml-liquido-para-no-comerse-las-unas/
"PRODIP SUPERNAIL ACTIVATOR 3/ ACTIVADOR 14ML",prodip-supernail-activator-3-activador-14ml,"Liquido activador, para prepara uñas flexibles, naturales y sin olor.",https://www.lacopro.cl/producto/prodip-supernail-activator-3-activador-14ml/
"PRODIP SUPERNAIL FINISH GEL 4/GEL DE ACABADO 14ML",prodip-supernail-finish-gel-4-gel-de-acabado-14ml,"Prodip, nueva técnica de uñas rápida, sin olor, casi no requiere limado.",https://www.lacopro.cl/producto/prodip-supernail-finish-gel-4-gel-de-acabado-14ml/
"PRODIP SUPERNAIL DISPOSABLE DIPPING/BANDEJA PRODIP",prodip-supernail-disposable-dipping-bandeja-prodip,"Bandeja de inmersión desechable diseñada para ser utilizada de tres maneras: por inmersión, toque ligero o derramamiento de polvo de inmersión acrílico. La aplicación es más rápida y limpia, almacena la cantidad justa de polvo para inmersión y es limpio.",https://www.lacopro.cl/producto/prodip-supernail-disposable-dipping-bandeja-prodip/
"PRODIP SUPERNAIL DIP POWDER PINK/POLVO INMERSION ROSADO 56GR",prodip-supernail-dip-powder-pink-polvo-inmersion-rosado-56gr,"Polvo acrílico para inmersión rosado.",https://www.lacopro.cl/producto/prodip-supernail-dip-powder-pink-polvo-inmersion-rosado-56gr/
"PRODIP SUPERNAIL DIP POWDER WHITE/POLVO INMERSION BLANCO 56GR",prodip-supernail-dip-powder-white-polvo-inmersion-blanco-56gr,"Polvo inmersión blanco 56 gr",https://www.lacopro.cl/producto/prodip-supernail-dip-powder-white-polvo-inmersion-blanco-56gr/
"PRODIP SUPERNAIL CARNATION PINK 25.5GR",prodip-supernail-carnation-pink-25-5gr,,https://www.lacopro.cl/producto/prodip-supernail-carnation-pink-25-5gr/
"PRODIP SUPERNAIL PURPLE PIZZAZZ 25.5GR",prodip-supernail-purple-pizzazz-25-5gr,,https://www.lacopro.cl/producto/prodip-supernail-purple-pizzazz-25-5gr/
"PRODIP SUPERNAIL RAZZLE DAZZLE 25.5GR",prodip-supernail-razzle-dazzle-25-5gr,,https://www.lacopro.cl/producto/prodip-supernail-razzle-dazzle-25-5gr/
"PRODIP SUPERNAIL SPARKLING PEWTER 25.5GR",prodip-supernail-sparkling-pewter-25-5gr,,https://www.lacopro.cl/producto/prodip-supernail-sparkling-pewter-25-5gr/
"PRODIP SUPERNAIL VENETIAN RED 25.5GR",prodip-supernail-venetian-red-25-5gr,,https://www.lacopro.cl/producto/prodip-supernail-venetian-red-25-5gr/
"LASH SHORT BLACK",lash-short-black,"Pestaña de 3 pelos corta negra. Marca Ardell.",https://www.lacopro.cl/producto/lash-short-black/
"FLARE MEDIUM BROWN",flare-medium-brown,"Pestañas abanico cafe, 13 pelos aproximadamente. Marca Ardell",https://www.lacopro.cl/producto/flare-medium-brown/
"FLARE SHORT BLACK KNOTT FREE",flare-short-black-knott-free,"Pestaña abanico corta negra sin nudo. Marca Ardell",https://www.lacopro.cl/producto/flare-short-black-knott-free/
"101 BLACK",101-black,"Pestaña de tira look natural para uso diario.",https://www.lacopro.cl/producto/101-black/
"103 BLACK",103-black,"Pestaña de tira negra, modelo 103, marca ARDELL.",https://www.lacopro.cl/producto/103-black/
"105 BLACK",105-black,"Pestaña de tira negra, modelo 105, look natural. Marca ARDELL",https://www.lacopro.cl/producto/105-black/
"106 BLACK",106-black,"Pestaña de tira 106 negra, look natural. Marca Ardell",https://www.lacopro.cl/producto/106-black/
"107 BLACK",107-black,"Pestaña de tira modelo 107 black, look natural glamour. Marca Ardell",https://www.lacopro.cl/producto/107-black/
"112 BLACK UNDER",112-black-under,"Pestaña de tira parapado inferior, look glamour, modelo 112 negro. Marca ARDELL.",https://www.lacopro.cl/producto/112-black-under/
"131 BLACK",131-black,"Pestaña de tira modelo 131 negra, look glamour. Marca ARDELL",https://www.lacopro.cl/producto/131-black/
"136 BLACK",136-black,"Modelo 136 negro, look glamour. Marca ARDELL",https://www.lacopro.cl/producto/136-black/
"137 BLACK",137-black,"Modelo 137 negro, pestaña de tira, look glamour. Marca ARDELL.",https://www.lacopro.cl/producto/137-black/
"139 BLACK",139-black,"pestaña de tira, modelo 139 negro, look glamour. Marca ARDELL",https://www.lacopro.cl/producto/139-black/
"305 BLACK/ COLA",305-black-cola,"Media pestaña de tira, su intención es acentuar el extremo exterior del ojo, logrando una mirada magnífica, fácil de aplicar. Marca ARDELL",https://www.lacopro.cl/producto/305-black-cola/
"308 BLACK/ COLA",308-black-cola,"Media pestaña de tira, fácil de aplicar. Aumenta la densidad del extremo exterior dando un look magnífico. Marca ARDELL",https://www.lacopro.cl/producto/308-black-cola/
"311 BLACK/ COLA",311-black-cola,"Media pestaña de tira, aumenta la densidad del extremo exterior , logrando un look magnifico, facil de aplicar. Marca ARDELL",https://www.lacopro.cl/producto/311-black-cola/
"315 BLACK/COLA",315-black-cola,"Media pestaña de tira, aumenta la densidad del extremo exterior dando look magnifico. Fácil de aplicar. Marca ARDELL",https://www.lacopro.cl/producto/315-black-cola/
"318 BLACK/ COLA",318-black-cola,"Media pestaña de tira, aumenta la densidad  del extremo exterior, dando un look magnifico. Fácil de poner. Marca ARDELL",https://www.lacopro.cl/producto/318-black-cola/
"DEMI LUVIES BLACK",demi-luvies-black,"Pestaña de tira negra, modelo demi luvies, look natural Marca ARDELL",https://www.lacopro.cl/producto/demi-luvies-black/
"FUN BLACK CON STRASS",fun-black-con-strass,"Pestaña de tira para un look glamoroso, tiene strass. Marca ARDELL",https://www.lacopro.cl/producto/fun-black-con-strass/
"PRO BROW BUILDING FIBER GEL SOFT BLACK/ GEL ESCULTOR CEJAS CON FIBRA NEGRO SUAVE",pro-brow-building-fiber-gel-soft-black-gel-escultor-cejas-con-fibra-negro-suave,"Negro suave, crea cejas más gruesas, de aspecto natural. Resultados sorprendentes.",https://www.lacopro.cl/producto/pro-brow-building-fiber-gel-soft-black-gel-escultor-cejas-con-fibra-negro-suave/
"PRO BROW BUILDING FIBER GEL TAUPE/ GEL CONSTRUCTOR DE CEJAS CON FIBRA MARRON OSCURO",pro-brow-building-fiber-gel-taupe-gel-constructor-de-cejas-con-fibra-marron-oscuro,"Gel para cejas más gruesas y naturales, resultados sorprendentes. 7 gr.",https://www.lacopro.cl/producto/pro-brow-building-fiber-gel-taupe-gel-constructor-de-cejas-con-fibra-marron-oscuro/
"GISELE BLACK",gisele-black,"Pestaña de tira, modelo Giselle, look fashion. Marca ARDELL",https://www.lacopro.cl/producto/gisele-black/
"LASHFREE/ REMOVEDOR PESTAÑAS ARDELL",lashfree-removedor-pestanas-ardell,,https://www.lacopro.cl/producto/lashfree-removedor-pestanas-ardell/
"MAGNETIC ACCENT 002",magnetic-accent-001,"Pestañas magnéticas, fáciles  de aplicar, no requiere adhesivo, reusables, varios imanes para mejor adhesión.

Banda curva para ajuste perfecto.",https://www.lacopro.cl/producto/magnetic-accent-001/
"NAOMI BLACK",naomi-black,"Pestaña de tira, look fashion. Marca ARDELL",https://www.lacopro.cl/producto/naomi-black/
ROMANTIC,romantic,"Pestaña de tira, para un look glamoroso. Marca Ardell",https://www.lacopro.cl/producto/romantic/
"SNOW CAP 3.5GR GLITTER SUPERNAIL",snow-cap-3-5gr-glitter-supernail,,https://www.lacopro.cl/producto/snow-cap-3-5gr-glitter-supernail/
"GOLD RUSH 3.5GR GLITTER SUPERNAIL",gold-rush-3-5gr-glitter-supernail,,https://www.lacopro.cl/producto/gold-rush-3-5gr-glitter-supernail/
"MAGENTA AURA 3.5GR GLITTER SUPERNAIL",magenta-aura-3-5gr-glitter-supernail,,https://www.lacopro.cl/producto/magenta-aura-3-5gr-glitter-supernail/
"MOTHER NATURE 3.5GR GLITTER SUPERNAIL",mother-nature-3-5gr-glitter-supernail,,https://www.lacopro.cl/producto/mother-nature-3-5gr-glitter-supernail/
"NEW MOON 3.5GR GLITTER SUPERNAIL",new-moon-3-5gr-glitter-supernail,,https://www.lacopro.cl/producto/new-moon-3-5gr-glitter-supernail/
"SHINNING DAWN 3.5GR GLITTER SUPERNAIL",shinning-dawn-3-5gr-glitter-supernail,,https://www.lacopro.cl/producto/shinning-dawn-3-5gr-glitter-supernail/
"SILVER RUSH 3.5GR GLITTER SUPERNAIL",silver-rush-3-5gr-glitter-supernail-2,,https://www.lacopro.cl/producto/silver-rush-3-5gr-glitter-supernail-2/
"STERLING SILVER 3.5GR GLITTER SUPERNAIL",sterling-silver-3-5gr-glitter-supernail,,https://www.lacopro.cl/producto/sterling-silver-3-5gr-glitter-supernail/
"SUNRISE 3.5GR GLITTER SUPERNAIL",sunrise-3-5gr-glitter-supernail,,https://www.lacopro.cl/producto/sunrise-3-5gr-glitter-supernail/
"SUNSET 3.5GR GLITTER SUPERNAIL",sunset-3-5gr-glitter-supernail,,https://www.lacopro.cl/producto/sunset-3-5gr-glitter-supernail/
"TWILIGHT 3.5GR GLITTER SUPERNAIL",twilight-3-5gr-glitter-supernail,,https://www.lacopro.cl/producto/twilight-3-5gr-glitter-supernail/
"FELLING BLUE 14GR/ACRILICO AZULADO",felling-blue-14gr-acrilico-azulado,,https://www.lacopro.cl/producto/felling-blue-14gr-acrilico-azulado/
"SPLISH SPLASH 14GR/ACRILICO AZUL",splish-splash-14gr-acrilico-azul,,https://www.lacopro.cl/producto/splish-splash-14gr-acrilico-azul/
"MOLDE UÑAS",molde-unas,,https://www.lacopro.cl/producto/molde-unas/
"ANILLO PORTA EXTENSIONES Y ADHESIVO",anillo-porta-extensiones-y-adhesivo,,https://www.lacopro.cl/producto/anillo-porta-extensiones-y-adhesivo/
"CINTA ADHESIVA EXTENSIONES",cinta-adhesiva-extensiones,,https://www.lacopro.cl/producto/cinta-adhesiva-extensiones/
"CABEZA DE PRACTICA",cabeza-de-practica,"Ideal para quienes estan aprendiendo, para aquellas a las que les gusta practicar e inventar nuevos diseños.",https://www.lacopro.cl/producto/cabeza-de-practica/
"MICROBRUSH 100 UNID",microbrush-100-unid,"Cepillos especiales para trabajar con adhesivo de extensiones 100 unid.",https://www.lacopro.cl/producto/microbrush-100-unid/
"ESPEJO PARA EXTENSION",espejo-para-extension,"Ideal para trabajar las extensiones con facilidad.",https://www.lacopro.cl/producto/espejo-para-extension/
"UÑA ENTERA HUESO 500 UNIDADES",una-entera-hueso-500-unidades,,https://www.lacopro.cl/producto/una-entera-hueso-500-unidades/
"UÑA ENTERA HUESO 100 UNIDADES",una-entera-hueso-100-unidades,,https://www.lacopro.cl/producto/una-entera-hueso-100-unidades/
"PUNTAS FRANCESAS 100 UNIDADES",puntas-francesas-100-unidades,,https://www.lacopro.cl/producto/puntas-francesas-100-unidades/
"PUNTAS UÑAS HUESO 100 UNIDADES",puntas-unas-hueso-100-unidades,,https://www.lacopro.cl/producto/puntas-unas-hueso-100-unidades/
"CINTAS UÑAS CADA UNA",cintas-unas-cada-una,,https://www.lacopro.cl/producto/cintas-unas-cada-una/
"GLITTER C/1 VARIEDAD DE COLORES",glitter-c-1-variedad-de-colores,,https://www.lacopro.cl/producto/glitter-c-1-variedad-de-colores/
"PETALOS SILICONA REFECTOCIL",petalos-silicona-refectocil,"Pétalos de silicona, reutilizables más de 100 veces, sanitizables y lavables. Su silicona de ultima tecnología permite una adherencia perfecta, así puedes realizar el trabajo de forma más cómoda tanto para el profesional como para la clienta. Se pueden refrigerar y así aumentar el confort en la zona al momento de utilizar.",https://www.lacopro.cl/producto/petalos-silicona-refectocil/
"REFECTOCIL N°3 CAFE",refectocil-n3-cafe,,https://www.lacopro.cl/producto/refectocil-n3-cafe/
MICROMETER,micrometer,,https://www.lacopro.cl/producto/micrometer/
"EFECTO UÑAS",efecto-unas,,https://www.lacopro.cl/producto/efecto-unas/
"EFECTO UÑAS",efecto-unas-2,,https://www.lacopro.cl/producto/efecto-unas-2/
"LAPIZ SEMIPERMANENTE",lapiz-semipermanente,,https://www.lacopro.cl/producto/lapiz-semipermanente/
"COMMANDER IN REEF PROGEL 66545",commander-in-reef-progel-66545,,https://www.lacopro.cl/producto/commander-in-reef-progel-66545/
"SEA N' SAND PROGEL 66544",sea-n-sand-progel-66544,,https://www.lacopro.cl/producto/sea-n-sand-progel-66544/
"HAPPY FISH PROGEL 66542",happy-fish-progel-66542,,https://www.lacopro.cl/producto/happy-fish-progel-66542/
"SUNSET TIDE PROGEL 66543",sunset-tide-progel-66543,,https://www.lacopro.cl/producto/sunset-tide-progel-66543/
"FLOATING ON BUBBLES PROGEL 66541",floating-on-bubbles-progel-66541,,https://www.lacopro.cl/producto/floating-on-bubbles-progel-66541/
"HALF SHELL SUPRISE PROGEL 66540",half-shell-suprise-progel-66540,,https://www.lacopro.cl/producto/half-shell-suprise-progel-66540/
"ETHEREAL SKY PROGEL 45283",ethereal-sky-progel-45283,,https://www.lacopro.cl/producto/ethereal-sky-progel-45283/
"BLOOM N' BEAUTY PROGEL 45282",bloom-n-beauty-progel-45282,,https://www.lacopro.cl/producto/bloom-n-beauty-progel-45282/
"SOUL OF PROVENCE PROGEL 45284",soul-of-provence-progel-45284,,https://www.lacopro.cl/producto/soul-of-provence-progel-45284/
"PERRIWINKLE PERFECTION PROGEL 45286",perriwinkle-perfection-progel-45286,,https://www.lacopro.cl/producto/perriwinkle-perfection-progel-45286/
"LILAC LUMIERE PROGEL 45279",lilac-lumiere-progel-45279,,https://www.lacopro.cl/producto/lilac-lumiere-progel-45279/
"PURNIMA MOON PROGEL 45277",purnima-moon-progel-45277,,https://www.lacopro.cl/producto/purnima-moon-progel-45277/
"SHORE BREAK PROGEL 81913",shore-break-progel-81913,,https://www.lacopro.cl/producto/shore-break-progel-81913/
"DESERT JOURNEY GLITTER PROGEL 81971",desert-journey-glitter-progel-81971,,https://www.lacopro.cl/producto/desert-journey-glitter-progel-81971/
"FLAMING POKER PROGEL 80303",flaming-poker-progel-80303,,https://www.lacopro.cl/producto/flaming-poker-progel-80303/
"CHICKADEE PROGEL 80151",chickadee-progel-80151,,https://www.lacopro.cl/producto/chickadee-progel-80151/
"ROYAL PEACOCK PROGEL 80152",royal-peacock-progel-80152,,https://www.lacopro.cl/producto/royal-peacock-progel-80152/
"TOASTED MARSHMALLOW PROGEL 80159",toasted-marshmallow-progel-80159,,https://www.lacopro.cl/producto/toasted-marshmallow-progel-80159/
"HIBISCUS PETAL PROGEL 80163",hibiscus-petal-progel-80163,,https://www.lacopro.cl/producto/hibiscus-petal-progel-80163/
"MAGIC SPELL PROGEL 80164",magic-spell-progel-80164,,https://www.lacopro.cl/producto/magic-spell-progel-80164/
"LUNAR ECLIPSE PROGEL 81402",lunar-eclipse-progel-81402,,https://www.lacopro.cl/producto/lunar-eclipse-progel-81402/
"SUGAR COOKIE PROGEL 81450",sugar-cookie-progel-81450,,https://www.lacopro.cl/producto/sugar-cookie-progel-81450/
"MINTY CHIP PROGEL 81451",minty-chip-progel-81451,,https://www.lacopro.cl/producto/minty-chip-progel-81451/
"MANGO MOUSSE PROGEL 81452",mango-mousse-progel-81452,,https://www.lacopro.cl/producto/mango-mousse-progel-81452/
"ROYAL &amp; RARE PROGEL 81600",royal-rare-progel-81600,,https://www.lacopro.cl/producto/royal-rare-progel-81600/
"FIT FOR A QUEEN PROGEL 81601",fit-for-a-queen-progel-81601,,https://www.lacopro.cl/producto/fit-for-a-queen-progel-81601/
"HER MAJESTY PROGEL 81602",her-majesty-progel-81602,,https://www.lacopro.cl/producto/her-majesty-progel-81602/
"REIGN OF RICHES PROGEL 81605",reign-of-riches-progel-81605,,https://www.lacopro.cl/producto/reign-of-riches-progel-81605/
"BIKINI BOTTOMS PROGEL 81915",bikini-bottoms-progel-81915,,https://www.lacopro.cl/producto/bikini-bottoms-progel-81915/
"GRUNGED GROUPIE PROGEL 82200",grunged-groupie-progel-82200,,https://www.lacopro.cl/producto/grunged-groupie-progel-82200/
"MISS MISCHIEF PROGEL 82201",miss-mischief-progel-82201,,https://www.lacopro.cl/producto/miss-mischief-progel-82201/
"SECRET SCENE PROGEL 82202",secret-scene-progel-82202,,https://www.lacopro.cl/producto/secret-scene-progel-82202/
"NIRVANA NIGHTS PROGEL 82203",nirvana-nights-progel-82203,,https://www.lacopro.cl/producto/nirvana-nights-progel-82203/
"REBEL &amp; ROMANCE PROGEL 82205",rebel-romance-progel-82205,,https://www.lacopro.cl/producto/rebel-romance-progel-82205/
"AMPED PROGEL 82206",amped-progel-82206,,https://www.lacopro.cl/producto/amped-progel-82206/
"VELVET UNDERGROUND PROGEL 82207",velvet-underground-progel-82207,,https://www.lacopro.cl/producto/velvet-underground-progel-82207/
"FROZEN GRAPES PROGEL 81968",frozen-grapes-progel-81968,,https://www.lacopro.cl/producto/frozen-grapes-progel-81968/
"SANDBLASTED SILVER PROGEL 82800",sandblasted-silver-progel-82800,,https://www.lacopro.cl/producto/sandblasted-silver-progel-82800/
"STONEWASHED INDIGO PROGEL 82799",stonewashed-indigo-progel-82799,,https://www.lacopro.cl/producto/stonewashed-indigo-progel-82799/
"DYED DENIM PROGEL 82797",dyed-denim-progel-82797,,https://www.lacopro.cl/producto/dyed-denim-progel-82797/
"ELECTRIC INDIGO PROGEL 82796",electric-indigo-progel-82796,,https://www.lacopro.cl/producto/electric-indigo-progel-82796/
"GREY SKINNIES PROGEL 82795",grey-skinnies-progel-82795,,https://www.lacopro.cl/producto/grey-skinnies-progel-82795/
"BOHEMIAN NIGHTS PROGEL 81973",bohemian-nights-progel-81973,,https://www.lacopro.cl/producto/bohemian-nights-progel-81973/
"GYPSET LOVE PROGEL 81974",gypset-love-progel-81974,,https://www.lacopro.cl/producto/gypset-love-progel-81974/
"BAND OF GYPSIES PROGEL 81975",band-of-gypsies-progel-81975,,https://www.lacopro.cl/producto/band-of-gypsies-progel-81975/
"FORTUNE TELLING SECRETS PROGEL 81976",fortune-telling-secrets-progel-81976,,https://www.lacopro.cl/producto/fortune-telling-secrets-progel-81976/
"MEHNDI ROSE PROGEL 45272",mehndi-rose-progel-45272,,https://www.lacopro.cl/producto/mehndi-rose-progel-45272/
"HOLI PINK PROGEL 45273",holi-pink-progel-45273,,https://www.lacopro.cl/producto/holi-pink-progel-45273/
"PARROT TREE PROGEL 45274",parrot-tree-progel-45274,,https://www.lacopro.cl/producto/parrot-tree-progel-45274/
"EZ FLOW YELLOW THERE",solar-chakra-progel-45275,,https://www.lacopro.cl/producto/solar-chakra-progel-45275/
"HARMONIOUSLY BLUE PROGEL 45276",harmoniously-blue-progel-45276,,https://www.lacopro.cl/producto/harmoniously-blue-progel-45276/
"BIKING'N BALI PROGEL 81424",bikingn-bali-progel-81424,,https://www.lacopro.cl/producto/bikingn-bali-progel-81424/
"FIRST WALTZ PROGEL 81422",first-waltz-progel-81422,,https://www.lacopro.cl/producto/first-waltz-progel-81422/
"SEA SPRITE PROGEL 81420",sea-sprite-progel-81420,,https://www.lacopro.cl/producto/sea-sprite-progel-81420/
"KIWI SQUEEZE PROGEL 81417",kiwi-squeeze-progel-81417,,https://www.lacopro.cl/producto/kiwi-squeeze-progel-81417/
"CUTICLE OIL SUPERNAIL 236ML/ ACEITE CUTICULA.",cuticle-oil-supernail-236ml-aceite-cuticula,"Aceite en base a parafina liquida con betacaroteno.",https://www.lacopro.cl/producto/cuticle-oil-supernail-236ml-aceite-cuticula/
"CUTICLE OIL SUPERNAIL 118 ML/ACEITE DE CUTICULA 118 ML",cuticle-oil-supernail-118-ml-aceite-de-cuticula-118-ml,"producto en base a parafina liquida y betacaroteno. Alto rendimiento.",https://www.lacopro.cl/producto/cuticle-oil-supernail-118-ml-aceite-de-cuticula-118-ml/
"AGUJA 3 PTAS CHARMANT 5 UNID",aguja-3-ptas-charmant-5-unid,,https://www.lacopro.cl/producto/aguja-3-ptas-charmant-5-unid/
"DOE BEIGE PROGEL 80106",doe-beige-progel-80106,,https://www.lacopro.cl/producto/doe-beige-progel-80106/
"FLAMENCO DANCER PROGEL 80146",flamenco-dancer-progel-80146,,https://www.lacopro.cl/producto/flamenco-dancer-progel-80146/
"TROPICAL TAN PROGEL 80160",tropical-tan-progel-80160,,https://www.lacopro.cl/producto/tropical-tan-progel-80160/
"VENETIAN SILK PROGEL 81407",venetian-silk-progel-81407,,https://www.lacopro.cl/producto/venetian-silk-progel-81407/
"MOLTEN LAVA PROGEL 81409",molten-lava-progel-81409,,https://www.lacopro.cl/producto/molten-lava-progel-81409/
"SAHARA NIGHTS PROGEL 81410",sahara-nights-progel-81410,,https://www.lacopro.cl/producto/sahara-nights-progel-81410/
"TAHITI TIME PROGEL 81413",tahiti-time-progel-81413,,https://www.lacopro.cl/producto/tahiti-time-progel-81413/
"FIRECRAKES PROGEL 81418",firecrakes-progel-81418,,https://www.lacopro.cl/producto/firecrakes-progel-81418/
"GILDEDROSE PROGEL 81419",gildedrose-progel-81419,,https://www.lacopro.cl/producto/gildedrose-progel-81419/
"AT THE RITZ PROGEL 81421",at-the-ritz-progel-81421,,https://www.lacopro.cl/producto/at-the-ritz-progel-81421/
"EMERALD EMPRESS PROGEL 81604",emerald-empress-progel-81604,,https://www.lacopro.cl/producto/emerald-empress-progel-81604/
"GLITTER THEORY SUPERNAIL 6PC",glitter-theory-supernail-6pc,"Set de 6 Glitter, de diferente textura y brillo 7 gr. cada uno y una practica cuchara dosificadora. Ideal para dar toques y destellos de luz y brillo a todas tus creaciones.",https://www.lacopro.cl/producto/glitter-theory-supernail-6pc/
"EzFlow 500 FORMS UNIVERSALES",ezflow-500-forms-universales,,https://www.lacopro.cl/producto/ezflow-500-forms-universales/
"PRODIP ULTRA PINK 65885",prodip-ultra-pink-65885,"Prodip Ultra Pink 25.5gr",https://www.lacopro.cl/producto/prodip-ultra-pink-65885/
"PRODIP PARADISE PINK 65886",prodip-paradise-pink-65886,"Prodip Paradise Pink 25.5gr",https://www.lacopro.cl/producto/prodip-paradise-pink-65886/
"PRODIP TANGELO 65887",prodip-tangelo-65887,"Prodip Tangelo 25.5gr",https://www.lacopro.cl/producto/prodip-tangelo-65887/
"REFECTOCIL TINTURA PESTAÑAS Y CEJAS ROJO 4.1",tintura-pestanas-y-cejas-rojo-4-1,,https://www.lacopro.cl/producto/tintura-pestanas-y-cejas-rojo-4-1/
"REFECTOCIL TINTURA DE PESTAÑAS Y CEJAS CASTAÑO 4",tintura-de-pestanas-y-cejas-castano-4,,https://www.lacopro.cl/producto/tintura-de-pestanas-y-cejas-castano-4/
"REFECTOCIL DECOLORANTE PESTAÑAS Y CEJAS",decolorante-pestanas-y-cejas,,https://www.lacopro.cl/producto/decolorante-pestanas-y-cejas/
"IBD TOP COAT",ibd-top-coat,,https://www.lacopro.cl/producto/ibd-top-coat/
"SWAROVSKI NO HOTFIX AB ss10",swarovski-no-hotfix-cristal-ab-ss10,"Flat back: espalda plana sin adhesivo.

Color: Crystal Aurora Boreal.

Medida: ss10

Set: 50 unidades.",https://www.lacopro.cl/producto/swarovski-no-hotfix-cristal-ab-ss10/
"SWAROVSKI FLATBACK NO HOTFIX CRISTAL ss10",swarovski-flatback-no-hotfix-cristal-ss10,"Flatback: espalda plana, sin adhesivo.

Color Crystal

Medida:ss10

Set: 50 unidades.",https://www.lacopro.cl/producto/swarovski-flatback-no-hotfix-cristal-ss10/
"SWAROVSKI FLATBACK NO HOTFIX CRYSTAL AB ss8",swarovski-flatback-no-hotfix-crystal-ab-ss7,"Flat back: espalda plana, sin adhesivo.

Medida:ss8

Color: Crystal Aurora Boreal

Set: 50 unidades.",https://www.lacopro.cl/producto/swarovski-flatback-no-hotfix-crystal-ab-ss7/
"SWAROVSKI FLATBACK NO HOTFIX CRYSTAL ss5",swarovski-flatback-no-hotfix-crystal-ss5,"Flatback: espalda plana sin adhesivo.

Medida:ss5

Color:Crystal

Set: 50 unidades",https://www.lacopro.cl/producto/swarovski-flatback-no-hotfix-crystal-ss5/
"SWAROVSKI FLATBACK NO HOTFIX CRYSTAL ss8",swarovski-flatback-no-hotfix-crystal-ss7,"Flatback: espalda plana sin adhesivo.

Medida:ss8

Color: Crystal

Set: 50 unidades.",https://www.lacopro.cl/producto/swarovski-flatback-no-hotfix-crystal-ss7/
"NICK SAFE 7GR.",nick-safe-7gr,"Polvo Estiptico.

Para sangramiento y desinfecta.

Uso tópico, aplicador libre de contaminación.}

No es oleoso.

Ideal para manicure.",https://www.lacopro.cl/producto/nick-safe-7gr/
"EZ FLOW COMPETITION PINK 113 GR",ez-flow-competition-pink-113-gr,"Polvo Acrílico.

Secado rapido, sin burbujas.

Color puro, sin vetas, ni decolariones.

Textura suave.

Color consistente.

Rosado Claro.",https://www.lacopro.cl/producto/ez-flow-competition-pink-113-gr/
"EZ FLOW PEARLESCENT PETAL 21GR",ez-flow-pearlescent-petal-21gr,"Polvo acrilico profesional.

Origen USA",https://www.lacopro.cl/producto/ez-flow-pearlescent-petal-21gr/
"EZ FLOW MOJITO PERFECTO 21GR",ez-flow-mojito-perfecto-21gr,"Polvo Acrilico, Profesional.

Origen USA",https://www.lacopro.cl/producto/ez-flow-mojito-perfecto-21gr/
"PRODIP HAPPY FISH 25.5GR",prodip-happy-fish-25-5gr,"Polvo para uñas con técnica por inmersión, dipping.

Origen USA

Uso Profesional.",https://www.lacopro.cl/producto/prodip-happy-fish-25-5gr/
"PRODIP SUNSET TIDE 25.5GR",prodip-sunset-tide-25-5gr,"Polvo para uñas por inmersión o dipping.

Origen USA

Uso profesional.",https://www.lacopro.cl/producto/prodip-sunset-tide-25-5gr/
"PRODIP SEA ´N SAND 25.5 gr.",prodip-sea-n-sand-25-5-gr,"Polvo para técnica por inmersión o dipping.

Origen USA

Uso profesional.",https://www.lacopro.cl/producto/prodip-sea-n-sand-25-5-gr/
"PRODIP AZURE BLUE 25.5gr.",prodip-azure-blue-25-5gr,"Polvo para tecnica de inmersion o dipping.

Origen USA

Uso Profesional.",https://www.lacopro.cl/producto/prodip-azure-blue-25-5gr/
"PRODIP SMOKEY GREY 25.5gr",prodip-smokey-grey-25-5gr,"Polvo para técnica de inmersión o dipping.

Origen USA.

Uso profesional.",https://www.lacopro.cl/producto/prodip-smokey-grey-25-5gr/
"PRODIP PSYCHODELIC PURPLE 25.5gr.",prodip-psychodelic-purple-25-5gr,"Polvo para técnica de inmersión o dipping.

Origen USA

Uso Profesional.",https://www.lacopro.cl/producto/prodip-psychodelic-purple-25-5gr/
"PRODIP BURNT UMBER 25.5gr",prodip-burnt-umber-25-5gr,"Polvo para técnica por inmersión o dipping.

Origen USA

Uso Profesional.

&nbsp;",https://www.lacopro.cl/producto/prodip-burnt-umber-25-5gr/
"PRODIP GALACTIC BLUE 25.5gr.",prodip-galactic-blue-25-5gr,"Polvo para tecniva inmersion o dipping.

Origen USA

Uso profesional.",https://www.lacopro.cl/producto/prodip-galactic-blue-25-5gr/
"PRODIP FRENCH MAUVE 25.5gr.",prodip-french-mauve-25-5gr,"Polvo para técnica inmersión o dipping.

Origen USA

Uso profesional.",https://www.lacopro.cl/producto/prodip-french-mauve-25-5gr/
"PRODIP CHERRY BLOSSOM 25.5gr.",prodip-cherry-blossom-25-5gr,"Polvo para tecnica de inmersion o dipping.

Origen USA

Uso profesional.",https://www.lacopro.cl/producto/prodip-cherry-blossom-25-5gr/
"PRODIP PAPAYA WHIP 25.5gr.",prodip-papaya-whip-25-5gr,"Polvo para técnica de inmersión o dipping.

Origen USA

Uso profesional.",https://www.lacopro.cl/producto/prodip-papaya-whip-25-5gr/
"PRODIP COTTON CANDY 25.5gr.",prodip-cotton-candy-25-5gr,"Polvo para tecnica inmersion o dipping.

Origen USA.

Uso profesional.",https://www.lacopro.cl/producto/prodip-cotton-candy-25-5gr/
"PRODIP PEARLESCENT WHITE 25.5gr.",prodip-pearlescent-white-25-5gr,"Polvo para tecnica de inmersion o dipping.

Origen USA

Uso profesional.",https://www.lacopro.cl/producto/prodip-pearlescent-white-25-5gr/
"PRODIP NEW YEAR SPRAKLES 25.5gr.",prodip-new-year-sprakles-25-5gr,"Polvo para tecnica de inmersion o dipping.

Origen USA

Uso profesional.",https://www.lacopro.cl/producto/prodip-new-year-sprakles-25-5gr/
"PRODIP RED RUBIES 25.5gr.",prodip-red-rubies-25-5gr,"Polvo para tecnica inmersion o dipping.

Origen USA

Uso profesional.",https://www.lacopro.cl/producto/prodip-red-rubies-25-5gr/
"PRODIP MATERIAL GIRL 25.5gr",prodip-material-girl-25-5gr,"Polvo para tecnica inmersion o dipping.",https://www.lacopro.cl/producto/prodip-material-girl-25-5gr/
"PRODIP ORANGE DREAM 25.5gr.",prodip-orange-dream-25-5gr,"Polvo para tecnica inmersion o dipping.

Origen USA

Uso profesional.",https://www.lacopro.cl/producto/prodip-orange-dream-25-5gr/
"PRODIP PINK SPRINKLES 25.5gr.",prodip-pink-sprinkles-25-5gr,"Polvo para tecnica de inmersion o dipping.

Origen USA

Uso Profesional.",https://www.lacopro.cl/producto/prodip-pink-sprinkles-25-5gr/
"PRODIP GLITZY GOLD 25.5GR",prodip-glitzy-gold-25-5gr,"Polvo para tecnica inmersion o dipping.

Origen USA

Uso profesional.",https://www.lacopro.cl/producto/prodip-glitzy-gold-25-5gr/
"REFECTOCIL STYLING CREAM 9ML",refectocil-styling-cream-9ml,"Styling gel, da brillo, da forma y protección para todo el día.",https://www.lacopro.cl/producto/refectocil-styling-cream-9ml/
"REFECTOCIL BOOSTER LASH &amp; BROW 6ML",refectocil-booster-lash-brow-6ml,"Lash &amp; Brow Booster

&nbsp;

Doble efecto.

56% pestañas mas largas y fuertes, cejas mas gruesas.

Aumenta el crecimiento, desde la raíz.

Los primeros resultados , los notarás después de 4-6 semanas de uso( úsalo diariamente)

Dermatologica y oftalmologicamente testeado.

Funciona sin hormonas sintéticas. Trabaja con un ingrediente básico del Mar Negro, Rod Oil, el cual se extrae del coral (plexaura homomalla= una fuente natural de prostaglandin A)

Libre de Prostamide y perfume.

Su aplicador innovador hace que su uso diario sea especialmente fácil.  Después, de limpiar tu rostro en la noche , o final del día, usa la punta del aplicador  a lo largo del parpado superior e inferior por la línea de las pestañas, como si aplicaras delineador, y por todas las cejas.",https://www.lacopro.cl/producto/refectocil-booster-lash-brow-6ml/
"LED UV GEL BUILDER CLEAR 14GR",led-uv-gel-builder-clear-14gr,,https://www.lacopro.cl/producto/led-uv-gel-builder-clear-14gr/
"PRODIP BASE",prodip-activador,"<img class=""alignnone size-medium wp-image-55230"" src=""https://www.lacopro.cl/wp-content/uploads/2020/11/prodip-base-198x300.jpg"" alt="""" width=""198"" height=""300"" />",https://www.lacopro.cl/producto/prodip-activador/
"PINCEL ROUND 006 SUPERNAIL",pincel-flat-004-supernail,"<img class=""alignnone size-medium wp-image-55237"" src=""https://www.lacopro.cl/wp-content/uploads/2020/11/sable-006-198x300.jpg"" alt="""" width=""198"" height=""300"" />",https://www.lacopro.cl/producto/pincel-flat-004-supernail/
"PINCEL OVAL BAGGED 5 WINNING",pincel-oval-bagged-5-winning,"<img class=""alignnone size-medium wp-image-55232"" src=""https://www.lacopro.cl/wp-content/uploads/2020/11/wining-sable-5-198x300.jpg"" alt="""" width=""198"" height=""300"" />",https://www.lacopro.cl/producto/pincel-oval-bagged-5-winning/
"PINCEL FALT 4 BAGGED WINNING",pincel-falt-4-bagged-winning,"<img class=""alignnone size-medium wp-image-55233"" src=""https://www.lacopro.cl/wp-content/uploads/2020/11/wining-sable-4-198x300.jpg"" alt="""" width=""198"" height=""300"" />",https://www.lacopro.cl/producto/pincel-falt-4-bagged-winning/
"PINCEL ROUND 6 BAGGED WINNING",pincel-round-6-bagged-winning,"<img class=""alignnone size-medium wp-image-55234"" src=""https://www.lacopro.cl/wp-content/uploads/2020/11/wining-dab-198x300.jpg"" alt="""" width=""198"" height=""300"" />",https://www.lacopro.cl/producto/pincel-round-6-bagged-winning/
"PINCEL DETALLE 00",pincel-detalle-00,"<img class=""alignnone size-medium wp-image-55252"" src=""https://www.lacopro.cl/wp-content/uploads/2020/11/PINCEL-EZ-00-198x300.jpg"" alt="""" width=""198"" height=""300"" />PINCEL PARA ACRILICO Y GEL.",https://www.lacopro.cl/producto/pincel-detalle-00/
"PINCEL DISEÑO 0000 EXFLOW",pincel-diseno-0000-exflow,"<img class=""alignnone size-medium wp-image-55253"" src=""https://www.lacopro.cl/wp-content/uploads/2020/11/PINCEL-EZ-0000-198x300.jpg"" alt="""" width=""198"" height=""300"" />PINCEL PARA ACRILICO Y GEL",https://www.lacopro.cl/producto/pincel-diseno-0000-exflow/
"REFECTOCIL 2.1 DEEP BLUE",refectocil-2-1-deep-blue,,https://www.lacopro.cl/producto/refectocil-2-1-deep-blue/
"REFECTOCIL TINT REMOVER 150ML",refectocil-tint-remover-150ml,,https://www.lacopro.cl/producto/refectocil-tint-remover-150ml/
"Apres DIAMOND GEL /GEL DIAMOND",apress-diamond-gel-gel-diamond,,https://www.lacopro.cl/producto/apress-diamond-gel-gel-diamond/
"Apres SCULPED STILETTO XXXLONG 250/ PUNTAS STILETTO XXXLARGAS 250",sculped-stiletto-xxxlong-250-puntas-stiletto-xxxlargas-250,"Caja 250 unidades, 10 tamaños 25 unidades de cada uno.Todas nuestras puntas Gel-X están cuidadosamente moldeadas a partir de nuestra fórmula de gel suave patentada para proporcionar las mejores uñas más cómodas y lijeras del mercado. Tan fáciles de usar como de aplicar, nuestras puntas Gel-X se aplican con nuestro Apres Extend Gel y pueden proporcionar más de 4 semanas  de hermosas y fuertes extensiones de uñas. Hecho de gel suave, Gel-X se puede remojar rápidamente con removedor , lo que reduce los peligros de sobre limado o químicos dañinos.

Estilo: Esculpida

Forma: Stiletto

Longitud: XXX larga

Si bien nuestra línea Sculped se considera nuestro ajuste universal, se adapta específicamente a  aquellos con un lecho ungueal más curvo y una curva C más pronunciada.",https://www.lacopro.cl/producto/sculped-stiletto-xxxlong-250-puntas-stiletto-xxxlargas-250/
"Apres SCULPED STILETTO EXTRALONG/PUNTAS ESCULPIDA STILETTO EXTRALONG",sculped-stiletto-long-puntas-esculpida-stiletto-long,"Caja 500 unidades, 10 tamaños 50 unidades de cada una.

Todas nuestras puntas Gel-X están cuidadosamente moldeadas a partir de nuestra formula de gel suave patentada  para proporcionar las mejores uñas, las más cómodas y ligeras del mercado. Tan fáciles de usar como de aplicar, nuestras puntas Gel-X se aplican con nuestro Apres Extend Gel y pueden proporcionar más de 4 semanas de hermosas y fuertes extensiones de uñas. Hecho de gel suave, Gel-X se puede remojar rápidamente en removedor, lo que reduce el riesgo de sobre limada o químicos dañinos.

Estilo: Sculpido

Forma: stiletto

Largo: Long.

Si bien nuestra línea Sculted se considera nuestro ajuste universa, se adapta específicamente a aquellos con un lecho ungueal más curvo y una curva C más pronunciada.",https://www.lacopro.cl/producto/sculped-stiletto-long-puntas-esculpida-stiletto-long/
"Apres EXTENDER GEL 30ML/ GEL X 30ML",extender-gel-30ml-gel-x-30ml,"<div class=""product-description rte"">

Esta es la fórmula sobre la que se construyó la familia Apres.

Nuestro exclusivo Gel Extend es la base de todo lo relacionado con el sistema Gel-X ™. Esta revolucionaria fórmula de gel suave se utiliza para ayudar a adherir nuestras extensiones Gel-X ™ a la uña natural. Cuando se aplica correctamente, nuestro gel Extend imparte fuerza y ​​flexibilidad a la vez que facilita la creación de uñas hermosas y duraderas que también son fáciles de remojar y quitar. Si desea saber de qué se trata Apres, pruebe una botella de Extend Gel y vea en qué hemos construido toda nuestra colección.

&nbsp;

<strong>Lo que obtienes:</strong>
<ul>
 	<li><strong>Botella de oro de 15 ml o 30 ml de gel extendido</strong></li>
 	<li><strong>La misma fórmula que  <em>ya</em>  amas</strong></li>
 	<li><strong>Fácil aplicación / aplicador</strong></li>
 	<li><strong>Fácil remoción</strong></li>
</ul>
</div>
<div class=""tabs-wrapper productTabsWrapper"">
<div class=""product-tabs""></div>
<div class=""product-accordion"">
<div class=""accordion"">
<p class=""accordion-toggle"" data-block-id=""product-tab-1""></p>

</div>
</div>
</div>",https://www.lacopro.cl/producto/extender-gel-30ml-gel-x-30ml/
"Apres X-LITE / LAMPARA GEL -X",x-lite-lampara-gel-x,"<div class=""product-description rte"">

Compacto pero potente. Elegante pero funcional. El X-Lite es todo lo que necesita para curar un conjunto Gel-X perfecto. Esta luz LED tiene 6 W de potencia para curar con flash puntas Gel-X o amuletos 3D con facilidad y comodidad. El X-Lite también es recargable. Viene con un cable de alimentación, se puede recargar completamente en solo dos horas. También conserva energía apagándose automáticamente después de cinco minutos de inactividad. El X-Lite seguramente se convertirá en el mejor amigo más confiable de cualquier artista de uñas.

</div>
<div class=""tabs-wrapper productTabsWrapper"">
<div class=""product-tabs""></div>
<div class=""product-accordion"">
<div class=""accordion"">
<p class=""accordion-toggle"" data-block-id=""product-tab-1""></p>

</div>
</div>
</div>",https://www.lacopro.cl/producto/x-lite-lampara-gel-x/
"Apres MAGNETIC LIGHT STAND/ SOPORTE MAGNETICO LAMPARA",magnetic-light-stand-soporte-magnetico-lampara,"<span>El soporte magnético universal más conveniente que tiene una estabilidad superior para mantener sus herramientas en su lugar mientras trabaja en su escritorio. </span><span>Cuenta con una base resistente que evita que se vuelque y la capacidad de giro le permite trabajar en todos los ángulos. </span><span>Acople magnéticamente su lámpara de curado flash Apres para un curado rápido de las puntas Gel-X, ajuste del flash de diseños de uñas de cristal y encanto, ¡y más! </span><span>¡El soporte magnético también puede ser solo para montar un teléfono celular para ver y filmar videos!</span>",https://www.lacopro.cl/producto/magnetic-light-stand-soporte-magnetico-lampara/
"TIJERA CORTA UÑAS/ NAIL SCISSORS",tijera-corta-unas-nail-scissors,"TIJERA CORTA UÑAS CON FILO CURVO

EL FILO CURVO, SIGUE NATURALMENTE  EL CONTORNO DE LA UÑA, HACIENDO MÁS FÁCIL GUIER LAS TIJERAS MIENTRAS SE VA CORTANDO.

USO PROFESIONAL

ACERO INOXIDABLE

FILOS DE ALTA DURACIÓN

CORTE SUAVE

DESINFECTABLE

ACERO PAKISTANI

TECNOLOGIA ALEMANA",https://www.lacopro.cl/producto/tijera-corta-unas-nail-scissors/
"CLEAR POWDER 113GR/POLVO ACRLICO TRANSPARENTE 113GR",clear-powder-113gr-polvo-acrlico-transparente-113gr,"POLVO ACRILICO TRANSPARENTE PROFESIONAL, MARCA SUPERNAIL, ORIGEN USA",https://www.lacopro.cl/producto/clear-powder-113gr-polvo-acrlico-transparente-113gr/
"REFECTOCIL APPLICATION SET MINI/SET APLICACIÓN MINI",refectocil-application-set-mini-set-aplicacion-mini,"Kit de aplicación mini

5 varillas de aplicación y 5 platos cosméticos mini para mezclar los tintes para cejas y pestañas de RefectoCil.",https://www.lacopro.cl/producto/refectocil-application-set-mini-set-aplicacion-mini/
"REFECTOCIL BROWLAMINATION KIT",refectocil-browlamination-kit,"Con el kit de laminación de cejas RefectoCil, las cejas se pueden fijar de forma semipermanente en cualquier forma deseada. Los vellos de las cejas se moldean permanentemente en solo 10 minutos; de esta manera, los espacios se pueden ocultar perfectamente y los vellos rebeldes se controlan.

Contenido:

2 Duo para laminado de cejas con Keratina incluida, en paso 1.

2 Herramientas Refectocil profesionales.

2 Dispensadores de producto.

1 Sachet petalos ojeras.

1 Instructivo

La fórmula contiene el ingrediente queratina para un efecto fortalecedor del cabello. Para perfeccionar el resultado, es aconsejable una coloración de cejas adecuada al tipo después del tratamiento. ¡El tiempo de contacto con los colores de cejas de RefectoCil es de solo 3 minutos después del Servicio de Laminación de Cejas!
<ul>
 	<li>Limpia las cejas con el Desmaquillador Micelar de Ojos RefectoCil. Elimine los tensoactivos y los residuos de grasa cutánea con la solución salina RefectoCil. La piel y el cabello deben estar secos antes de su uso.</li>
 	<li>Cepille bien las cejas con la ayuda del carrete de goma y peine en la forma deseada.</li>
 	<li>Aplique Lash &amp; Brow Perm (1) en toda la ceja. Empiece por el principio de la ceja y siga la dirección en la que se cepillaron las cejas.</li>
 	<li>Evite la piel alrededor de las cejas tanto como sea posible y limpie los bordes no deseados con un hisopo de algodón seco. Tiempo de contacto Permanente de pestañas y cejas: 6 minutos</li>
 	<li>Retire Lash &amp; Brow Perm (1) con un hisopo de algodón seco o una almohadilla de algodón. Siga la dirección en la que se peinó el cabello. Corrija los pelos individuales si es necesario.</li>
 	<li>Aplicar neutralizador (2) con una brocha. Para ello, repita los pasos desde el punto 3. Tiempo de contacto: 4 minutos</li>
 	<li>Retire el neutralizador (2) con un algodón húmedo. Luego, limpie a fondo el área de las cejas con la solución salina RefectoCil para eliminar por completo los residuos.</li>
 	<li>Tiñe las cejas con el color de cejas y pestañas RefectoCil seleccionado, el tiempo de exposición después de un levantamiento de cejas es de solo 3 minutos.</li>
 	<li>Devuelve la forma a las cejas con el carrete de goma después de quitar la pintura. Si es necesario, recorte el cabello excesivamente largo con unas tijeras para cejas.</li>
</ul>",https://www.lacopro.cl/producto/refectocil-browlamination-kit/
"Apres VIVID NATURAL STILETTO MEDIUM 500",vivid-natural-stiletto-medium-500,"VIVID NATURAL STILETTO MEDIUM 500. COLORES VIVOS

repárese para experimentar los consejos que revolucionaron la industria. Una caja incluye 50 piezas de 10 tamaños, un total de 500 piezas. Todas nuestras puntas Gel-X ™ están cuidadosamente moldeadas a partir de nuestra fórmula de gel suave patentada para proporcionar las mejoras de uñas más cómodas y ligeras del mercado. Tan fáciles de usar como de usar, nuestras puntas Gel-X ™ se aplican con nuestro Apres Extend Gel y pueden proporcionar más de 4 semanas de hermosas y fuertes extensiones de uñas. Hecho de gel suave, Gel-X ™ se puede remojar rápidamente con acetona, lo que reduce los peligros de sobrellenado o químicos dañinos.

<strong>Estilo:</strong>  natural

<strong>Forma:</strong>  estilete

<strong>Longitud:</strong>  media

Nuestra línea Natural tiene una superficie más plana y menos curva en C en comparación con nuestra línea Sculpted. Nuestra línea Natural es específicamente para aquellas con un lecho ungueal más plano.",https://www.lacopro.cl/producto/vivid-natural-stiletto-medium-500/
"Apres VIVID SCULPED COFFIN LONG 500",vivid-sculped-coffin-long-500,"VIVID SCULPED COFFIN LONG 500. COLORS VIVOS

Prepárese para experimentar los consejos que revolucionaron la industria. Una caja incluye 50 piezas de 10 tamaños, un total de 500 piezas. Todas nuestras puntas Gel-X ™ están cuidadosamente moldeadas a partir de nuestra fórmula de gel suave patentada para proporcionar las mejoras de uñas más cómodas y ligeras del mercado. Tan fáciles de usar como de usar, nuestras puntas Gel-X ™ se aplican con nuestro Apres Extend Gel y pueden proporcionar más de 4 semanas de hermosas y fuertes extensiones de uñas. Hecho de gel suave, Gel-X ™ se puede remojar rápidamente con acetona, lo que reduce los peligros de sobrellenado o químicos dañinos.

<strong>Estilo:</strong> esculpido

<strong>Forma:</strong> ataúd

<strong> Longitud:</strong> larga

Si bien nuestra línea Sculpted se considera nuestro ajuste universal, se adapta específicamente a aquellos con un lecho ungueal más curvo y una curva C más pronunciada.",https://www.lacopro.cl/producto/vivid-sculped-coffin-long-500/
"Apres RYO KITAMURA 101 / TINTA AEROGRAFO 101",ryo-kitamura-101-tinta-aerografo-101,"RYO KITAMURA 101/TINTA AERÓGRAFO 101

Junto con el renombrado artista de uñas japonés Ryo Kitamura, se crearon seis nuevos colores para capturar perfectamente la estética sofisticada pero usable de Kitamura. Estos sutiles tonos neutros complementarán cualquier tono de piel y se aplicarán de manera hermosa y uniforme. Nuestra fórmula única resistente a las astillas y altamente pigmentada hace que la aplicación sea fácil e impecable.

Cada color está disponible para comprar y usar con nuestra máquina Aer Gel. Estos tonos se pulverizan suavemente para crear estilos sombreados ricos y mucho más. La fórmula es incomparable, el Gelcoat garantiza una apariencia resistente a las astillas. Hay 6 colores diferentes para usar para una nueva inspiración de uñas.",https://www.lacopro.cl/producto/ryo-kitamura-101-tinta-aerografo-101/
"Apres RYO KITAMURA 103/ TINTA AEROGRAFO 103",ryo-kitamura-103-tinta-aerografo-103,"RYO KITAMURA 103/ TINTA AEROGRAFO 103

Junto con el renombrado artista de uñas japonés Ryo Kitamura, se crearon seis nuevos colores para capturar perfectamente la estética sofisticada pero usable de Kitamura. Estos sutiles tonos neutros complementarán cualquier tono de piel y se aplicarán de manera hermosa y uniforme. Nuestra fórmula única resistente a las astillas y altamente pigmentada hace que la aplicación sea fácil e impecable.

Cada color está disponible para comprar y usar con nuestra máquina Aer Gel. Estos tonos se pulverizan suavemente para crear estilos sombreados ricos y mucho más. La fórmula es incomparable, el Gelcoat garantiza una apariencia resistente a las astillas. Hay 6 colores diferentes para usar para una nueva inspiración de uñas.",https://www.lacopro.cl/producto/ryo-kitamura-103-tinta-aerografo-103/
"Apres RYO KIMURA 105/ TINTA AEROGRAFO 105",ryo-kimura-105-tinta-aerografo-105,"RYO KYMURA 105/ TINTA AEROGRAFO 105

&nbsp;",https://www.lacopro.cl/producto/ryo-kimura-105-tinta-aerografo-105/
"Apres RYO KIMURA 102/ TINTA AEROGRAFO 102",ryo-kimura-102-tinta-aerografo-102,"RYO KIMURA 102/ TINTA AEROGRAFO 102

Junto con el renombrado artista de uñas japonés Ryo Kitamura, se crearon seis nuevos colores para capturar perfectamente la estética sofisticada pero usable de Kitamura. Estos sutiles tonos neutros complementarán cualquier tono de piel y se aplicarán de manera hermosa y uniforme. Nuestra fórmula única resistente a las astillas y altamente pigmentada hace que la aplicación sea fácil e impecable.

Cada color está disponible para comprar y usar con nuestra máquina Aer Gel. Estos tonos se pulverizan suavemente para crear estilos sombreados ricos y mucho más. La fórmula es incomparable, el Gelcoat garantiza una apariencia resistente a las astillas. Hay 6 colores diferentes para usar para una nueva inspiración de uñas.",https://www.lacopro.cl/producto/ryo-kimura-102-tinta-aerografo-102/
"Apres French Natural Square Medium/ Natural Cuadrada Mediana",french-natural-square-medium-natural-cuadrada-mediana,"<div class=""product-description rte"">

¿Cómo se puede reinventar el clásico francés?

Simple: hazlo más fácil y rápido.

Presentamos la punta francesa Gel-X ™. Aún formuladas con nuestra exclusiva fórmula de gel suave, estas puntas Gel-X ™ tienen seis surcos de línea de sonrisa especialmente medidos y diseñados, que delinean la línea de sonrisa perfecta de su elección. Simplemente debe elegir qué línea de sonrisa le gustaría y seguir la línea con su gel de color elegido. Y con seis pautas de línea de sonrisa diferentes para elegir, todas con diferentes profundidades, estos consejos ofrecen una completa versatilidad y facilidad para crear un conjunto francés perfecto. Atrás quedaron tus preocupaciones por las líneas simétricas o las manos firmes. ¡Hemos reunido hermosas extensiones y un arte impecable en una revolucionaria punta Gel-X ™!

Una caja incluye 33 piezas de 10 tamaños, total de 330 piezas.

<strong>Estilo</strong> : Natural
<strong>Forma</strong> : Cuadrado
<strong>Largo</strong> : Medio<span class=""c-message__edited_label"" dir=""ltr"" data-sk=""tooltip_parent"" aria-describedby=""sk-tooltip-2245""> </span>

<span class=""c-message__edited_label"" dir=""ltr"" data-sk=""tooltip_parent"" aria-describedby=""sk-tooltip-2245"">Nuestra línea Natural tiene una superficie más plana y menos curva en C en comparación con nuestra línea Sculpted. Nuestra línea Natural es específicamente para aquellas con un lecho ungueal más plano.</span>

</div>
<div class=""tabs-wrapper productTabsWrapper""></div>",https://www.lacopro.cl/producto/french-natural-square-medium-natural-cuadrada-mediana/
"Apres French Sculped Coffin Long/ Esculpidas Coffin Long",french-sculped-coffin-long-esculpidas-coffin-long,"¿Cómo se puede reinventar el clásico francés?

Simple: hazlo más fácil y rápido.

Presentamos la punta francesa Gel-X. Aún formuladas con nuestra exclusiva fórmula de gel suave, estas puntas Gel-X tienen seis surcos de línea de sonrisa especialmente medidos y diseñados, que delinean la línea de sonrisa perfecta de su elección. Simplemente debe elegir qué línea de sonrisa le gustaría y seguir la línea con su gel de color elegido. Y con seis pautas de línea de sonrisa diferentes para elegir, todas con diferentes profundidades, estos consejos ofrecen una completa versatilidad y facilidad para crear un conjunto francés perfecto. Atrás quedaron tus preocupaciones por las líneas simétricas o las manos firmes. ¡Hemos reunido hermosas extensiones y un arte impecable en una revolucionaria punta Gel-X!

Una caja incluye 10 tamaños, total de 330 piezas.

Estilo:
Forma esculpida : Ataúd
Longitud: Largo

Si bien nuestra línea Sculpted se considera nuestro ajuste universal, se adapta específicamente a aquellos con un lecho ungueal más curvo y una curva C más pronunciada.",https://www.lacopro.cl/producto/french-sculped-coffin-long-esculpidas-coffin-long/
"APRES GE X 15ML POTE",apres-ge-x-15ml-pote,"<div></div>
<div>APRES GEL X 15 POTE</div>
<div class=""product-description rte"">Esta es la fórmula sobre la que se construyó la familia Apres. Nuestro exclusivo Extend Gel es el eje de todo lo relacionado con el sistema Gel-X™. Esta revolucionaria fórmula de gel suave se usa para ayudar a adherir nuestras extensiones Gel-X™ a la uña natural. Cuando se aplica correctamente, nuestro Gel Extend imparte fuerza y ​​flexibilidad al tiempo que facilita la creación de uñas hermosas y duraderas que también son fáciles de remojar y quitar. Si quiere saber de qué se trata Apres, pruebe una botella de Extend Gel y vea en qué hemos construido toda nuestra colección.</div>
<div class=""tabs-wrapper productTabsWrapper""></div>",https://www.lacopro.cl/producto/apres-ge-x-15ml-pote/
"ROLLO ALUSA MINI 200 MT",rollo-alusa-mini-200-mt,"ROLLO DE TAMAÑO PERFECTO PARA PROCEDIMIENTOS COSMETICOS.

INCLUYE CIERRA CORTADORA",https://www.lacopro.cl/producto/rollo-alusa-mini-200-mt/
"Apres Natural Coffin Short 600 unid 14 tallas",apres-natural-coffin-short-500-unid,"<div class=""product-description rte"">

<span style=""font-weight: 400"">Prepárese para experimentar los consejos que revolucionaron la industria. </span>

<span style=""font-weight: 400"">Una caja incluye 50 piezas de 10 tamaños, un total de 500 piezas. </span>

<span style=""font-weight: 400"">Todas nuestras puntas Gel-X™ están cuidadosamente moldeadas a partir de nuestra fórmula de gel suave patentada para brindar las mejoras para uñas más cómodas y livianas del mercado. Tan fáciles de usar como fáciles de usar, nuestras puntas Gel-X™ se aplican con nuestro Gel Aprés Extend y pueden brindar más de 4 semanas de hermosas y fuertes extensiones de uñas. Hecho de gel suave, Gel-X™ se puede remojar rápidamente con acetona, lo que reduce los peligros de sobrefilar o productos químicos nocivos. </span>

<span style=""font-weight: 400""><strong>Estilo:</strong> Naturaleza</span>

<span style=""font-weight: 400""><strong>Forma:</strong> Ataúd</span>

<span style=""font-weight: 400""><strong>Longitud:</strong> Corta</span>

<span style=""font-weight: 400"">Nuestra línea Natural tiene una superficie más plana y menos curva en C en comparación con nuestra línea Sculpted. Nuestra línea Natural es específicamente para aquellos con un lecho ungueal más plano. </span>

</div>
<div class=""tabs-wrapper productTabsWrapper""></div>",https://www.lacopro.cl/producto/apres-natural-coffin-short-500-unid/
"Rie Nofuji x Gel-X™ Natural Round Medium - Charm Box of Tips (275 unid)",rie-nofuji-x-gel-x-natural-round-medium-charm-box-of-tips-275-unid,"<div class=""product-description rte"">

Rie Nofuji x Gel-X™ Natural Round Medium - Charm Box of Tips (275 uds)¡Rie Nofuji y Aprés, uno de los mejores artistas japoneses de uñas, han colaborado para traerte este creativo y elegante tip Gel-X™! Una caja incluye 11 tamaños, un total de 275 piezas. Estas puntas Gel-X™ redondas y recortadas están cuidadosamente moldeadas a partir de nuestra fórmula patentada de gel suave para brindar las mejoras para uñas más cómodas y livianas del mercado. El cielo es el límite con lo que puede hacer, ya sea agregar amuletos para las uñas o perlas en el corte redondo. ¡Hay una variedad ilimitada en cualquier creatividad que se te ocurra! Tan fáciles de usar como fáciles de usar, nuestras puntas Gel-X™ se aplican con nuestro Gel Aprés Extend y pueden proporcionar hasta 4 semanas de hermosas y fuertes extensiones de uñas. Hecho de gel suave, Gel-X™ se puede remojar rápidamente con acetona, lo que reduce los peligros de exceso de limado o productos químicos nocivos.

Una caja incluye 25 piezas de 11 tamaños, un total de 275 piezas.

Estilo: Naturaleza

Forma: Cortar Círculo Redondo

Longitud: Media

Nuestra línea Natural tiene una superficie más plana y menos curva en C en comparación con nuestra línea Sculpted. Nuestra línea Natural es específicamente para aquellos con un lecho ungueal más plano.

</div>
<div class=""tabs-wrapper productTabsWrapper""></div>",https://www.lacopro.cl/producto/rie-nofuji-x-gel-x-natural-round-medium-charm-box-of-tips-275-unid/
"PRO TOENAIL NIPPER MEHAZ/ ALICATE PARA PIES",pro-toenail-nipper-mehaz-alicate-para-pies,"ALICATE PARA PIES.

&nbsp;

Incluye mango texturizado para cortar las uñas del pie con toda seguridad.

Acero inoxidable 100% - resistente y durable.

Mango acanalado de 4 3/4"" y cierre de seguridad.

Resorte de barrilete durable- procura la fuerza necesaria para cortar las uñas gruesas.

Este producto debe ser desinfectado después de cada uso.

La marca Mehaz garantiza los productos de por vida ( Lacopro NO)

Diseñado y fabricado en Italia

&nbsp;",https://www.lacopro.cl/producto/pro-toenail-nipper-mehaz-alicate-para-pies/
"Lima pie con repuestos.",lima-pie-con-repuestos,"LIMA DE PIES FLOWERY

1 base desinfectable

5 repuestos de lima porosidad 60, fácil de pegar.

5 repuestos de lima porosidad 100, fácil de pegar

Fabulosa lima desinfectable, higiénica y eficiente.

Posee un mango cómodo e irrompible.

Solo en 3 pasos:
<ol>
 	<li>Desinfecta el mando de acuerdo a tus manual de procediemineto, Seca con una toalla limpia el mango.</li>
 	<li>Elimina el protetor de pegamento de la lima y pega en el lado elegido, preocupandote de que se adhiera completamente y sin globos u arrugas. Una vez finalizado repites el paso para pegas la otra lima.</li>
 	<li>Remoja los pies en agua y lima. Ahora tienes unos pies suaves entre tus manos.</li>
</ol>
&nbsp;",https://www.lacopro.cl/producto/lima-pie-con-repuestos/
"Apres Natural Round XS Extra Short 2.0/ 14 Tallas. 280",apres-natural-round-xs-extra-short-2-0-14-tallas,"<span>La nueva era de Gel-X: revolucionar el gel de nuevo, otra vez.</span>

<span>Gel-X es aún más fácil e inclusivo que antes con la introducción de medias tallas. ¡Cada caja de puntas Gel-X incluirá tamaños de 4,5, 5,5 y 6,5, lo que hace que el dimensionamiento y la preparación de las puntas sean aún más rápidos y fáciles!</span>

<span>Cada punta Gel-X también ha tenido un rediseño estructural. Cada punta ahora tiene un extremo de base más delgado, lo que crea un acabado más natural que requiere menos limado durante la preparación. Cada punta ahora también tiene un borde libre más grueso, creando una punta Gel-X más fuerte y duradera.</span>

<span>Con 600 piezas por caja y 14 tamaños en total, Gel-X sigue siendo el pionero y líder en el sistema de extensión de gel suave de cobertura total. Aplicado con nuestro Extend Gel, Gel-X puede proporcionar más de 4 semanas de hermosas extensiones de uñas. Hecho de gel suave, Gel-X se puede remojar rápidamente con acetona.</span>

&nbsp;

<span>NOTA:</span>

<em><span>Nuestra línea Natural tiene una superficie más plana con una curva en C menos pronunciada para clientes con un lecho ungueal más plano y ancho.</span></em>

<em><span>Nuestra línea Sculpted tiene un ápice más alto y una curva en C más profunda, pensada tanto para clientes con un lecho ungueal curvo como para clientes naturales que prefieren el aspecto de una punta Sculpted Gel-X.</span></em>",https://www.lacopro.cl/producto/apres-natural-round-xs-extra-short-2-0-14-tallas/
"Apres Natural Stiletto Extra Short 2.0 14 sizes/ 600 tips",apres-natural-stiletto-extra-short-2-0-14-sizes-600-tips,"La nueva era de Gel-X: revolucionar el gel de nuevo, otra vez.

Gel-X es aún más fácil e inclusivo que antes con la introducción de medias tallas. ¡Cada caja de puntas Gel-X incluirá tamaños de 4,5, 5,5 y 6,5, lo que hace que el dimensionamiento y la preparación de las puntas sean aún más rápidos y fáciles!

Cada punta Gel-X también ha tenido un rediseño estructural. Cada punta ahora tiene un extremo de base más delgado, lo que crea un acabado más natural que requiere menos limado durante la preparación. Cada punta ahora también tiene un borde libre más grueso, creando una punta Gel-X más fuerte y duradera.

Con 600 piezas por caja y 14 tamaños en total, Gel-X sigue siendo el pionero y líder en el sistema de extensión de gel suave de cobertura total. Aplicado con nuestro Extend Gel, Gel-X puede proporcionar más de 4 semanas de hermosas extensiones de uñas. Hecho de gel suave, Gel-X se puede remojar rápidamente con acetona.

&nbsp;

NOTA:

<em>Nuestra línea Natural tiene una superficie más plana con una curva en C menos pronunciada para clientes con un lecho ungueal más plano y ancho.</em>

<em>Nuestra línea Sculpted tiene un ápice más alto y una curva en C más profunda, pensada tanto para clientes con un lecho ungueal curvo como para clientes naturales que prefieren el aspecto de una punta Sculpted Gel-X.</em>",https://www.lacopro.cl/producto/apres-natural-stiletto-extra-short-2-0-14-sizes-600-tips/
"Apres Almond Extra Long 2.0 14 Tallas 168/unid.",apres-almond-extra-short-2-0-14-tallas-600-unid,"<span>La nueva era de Gel-X: revolucionar el gel de nuevo, otra vez.</span>

<span>Gel-X es aún más fácil e inclusivo que antes con la introducción de medias tallas. ¡Cada caja de puntas Gel-X incluirá tamaños de 4,5, 5,5 y 6,5, lo que hace que el dimensionamiento y la preparación de las puntas sean aún más rápidos y fáciles!</span>

<span>Cada punta Gel-X también ha tenido un rediseño estructural. Cada punta ahora tiene un extremo de base más delgado, lo que crea un acabado más natural que requiere menos limado durante la preparación. Cada punta ahora también tiene un borde libre más grueso, creando una punta Gel-X más fuerte y duradera.</span>

<span>Con 600 piezas por caja y 14 tamaños en total, Gel-X sigue siendo el pionero y líder en el sistema de extensión de gel suave de cobertura total. Aplicado con nuestro Extend Gel, Gel-X puede proporcionar más de 4 semanas de hermosas extensiones de uñas. Hecho de gel suave, Gel-X se puede remojar rápidamente con acetona.</span>

&nbsp;

<span>NOTA:</span>

<em><span>Nuestra línea Natural tiene una superficie más plana con una curva en C menos pronunciada para clientes con un lecho ungueal más plano y ancho.</span></em>

<em><span>Nuestra línea Sculpted tiene un ápice más alto y una curva en C más profunda, pensada tanto para clientes con un lecho ungueal curvo como para clientes naturales que prefieren el aspecto de una punta Sculpted Gel-X.</span></em>",https://www.lacopro.cl/producto/apres-almond-extra-short-2-0-14-tallas-600-unid/
"Apres Sculped Square Medium",apres-sculped-square-medium,"La nueva era de Gel-X: revolucionar el gel de nuevo, otra vez.

Gel-X es aún más fácil e inclusivo que antes con la introducción de medias tallas. ¡Cada caja de puntas Gel-X incluirá tamaños de 4,5, 5,5 y 6,5, lo que hace que el dimensionamiento y la preparación de las puntas sean aún más rápidos y fáciles!

Cada punta Gel-X también ha tenido un rediseño estructural. Cada punta ahora tiene un extremo de base más delgado, lo que crea un acabado más natural que requiere menos limado durante la preparación. Cada punta ahora también tiene un borde libre más grueso, creando una punta Gel-X más fuerte y duradera.

Con 600 piezas por caja y 14 tamaños en total, Gel-X sigue siendo el pionero y líder en el sistema de extensión de gel suave de cobertura total. Aplicado con nuestro Extend Gel, Gel-X puede proporcionar más de 4 semanas de hermosas extensiones de uñas. Hecho de gel suave, Gel-X se puede remojar rápidamente con acetona.

&nbsp;

NOTA:

<em>Nuestra línea Natural tiene una superficie más plana con una curva en C menos pronunciada para clientes con un lecho ungueal más plano y ancho.</em>

<em>Nuestra línea Sculpted tiene un ápice más alto y una curva en C más profunda, pensada tanto para clientes con un lecho ungueal curvo como para clientes naturales que prefieren el aspecto de una punta Sculpted Gel-X.</em>",https://www.lacopro.cl/producto/apres-sculped-square-medium/
"Apres Natural Coffin Short 2.0 14 Tallas",apres-natural-coffin-short-2-0-14-tallas,"<span>La nueva era de Gel-X: revolucionar el gel de nuevo, otra vez.</span>

<span>Gel-X es aún más fácil e inclusivo que antes con la introducción de medias tallas. ¡Cada caja de puntas Gel-X incluirá tamaños de 4,5, 5,5 y 6,5, lo que hace que el dimensionamiento y la preparación de las puntas sean aún más rápidos y fáciles!</span>

<span>Cada punta Gel-X también ha tenido un rediseño estructural. Cada punta ahora tiene un extremo de base más delgado, lo que crea un acabado más natural que requiere menos limado durante la preparación. Cada punta ahora también tiene un borde libre más grueso, creando una punta Gel-X más fuerte y duradera.</span>

<span>Con 600 piezas por caja y 14 tamaños en total, Gel-X sigue siendo el pionero y líder en el sistema de extensión de gel suave de cobertura total. Aplicado con nuestro Extend Gel, Gel-X puede proporcionar más de 4 semanas de hermosas extensiones de uñas. Hecho de gel suave, Gel-X se puede remojar rápidamente con acetona.</span>

&nbsp;

<span>NOTA:</span>

<em><span>Nuestra línea Natural tiene una superficie más plana con una curva en C menos pronunciada para clientes con un lecho ungueal más plano y ancho.</span></em>

<em><span>Nuestra línea Sculpted tiene un ápice más alto y una curva en C más profunda, pensada tanto para clientes con un lecho ungueal curvo como para clientes naturales que prefieren el aspecto de una punta Sculpted Gel-X.</span></em>",https://www.lacopro.cl/producto/apres-natural-coffin-short-2-0-14-tallas/
"Apres Natural Square Extra Short 2.0, 280 unid. 14 tallas.",apres-natural-square-extra-short-2-0-600-unid-14-tallas,"<span>La nueva era de Gel-X: revolucionar el gel de nuevo, otra vez.</span>

<span>Gel-X es aún más fácil e inclusivo que antes con la introducción de medias tallas. ¡Cada caja de puntas Gel-X incluirá tamaños de 4,5, 5,5 y 6,5, lo que hace que el dimensionamiento y la preparación de las puntas sean aún más rápidos y fáciles!</span>

<span>Cada punta Gel-X también ha tenido un rediseño estructural. Cada punta ahora tiene un extremo de base más delgado, lo que crea un acabado más natural que requiere menos limado durante la preparación. Cada punta ahora también tiene un borde libre más grueso, creando una punta Gel-X más fuerte y duradera.</span>

<span>Con 600 piezas por caja y 14 tamaños en total, Gel-X sigue siendo el pionero y líder en el sistema de extensión de gel suave de cobertura total. Aplicado con nuestro Extend Gel, Gel-X puede proporcionar más de 4 semanas de hermosas extensiones de uñas. Hecho de gel suave, Gel-X se puede remojar rápidamente con acetona.</span>

&nbsp;

<span>NOTA:</span>

<em><span>Nuestra línea Natural tiene una superficie más plana con una curva en C menos pronunciada para clientes con un lecho ungueal más plano y ancho.</span></em>

<em><span>Nuestra línea Sculpted tiene un ápice más alto y una curva en C más profunda, pensada tanto para clientes con un lecho ungueal curvo como para clientes naturales que prefieren el aspecto de una punta Sculpted Gel-X.</span></em>",https://www.lacopro.cl/producto/apres-natural-square-extra-short-2-0-600-unid-14-tallas/
"Apres Novice Gel X",apres-novice-gel-x,"<span>¿Nuevo en Gel-X? ¡Entonces este es el producto perfecto para ti! Nuestro Extend Gel Novice fue creado para los entusiastas principiantes de Gel-X. Su consistencia espesa, similar a una masilla, mantiene la punta Gel-X en su lugar más fácilmente, lo que le permite tener más tiempo para ajustar la colocación o corregir cualquier error.</span>

<span>Los nuevos usuarios de Gel-X a menudo tienen dificultades para evitar que Extend Gel se desborde y maniobrar adecuadamente la punta Gel-X bajo una luz para curar. ¡Con Extend Gel Novice, puedes soltarlo antes de curar sin preocuparte de que la punta Gel-X se mueva!</span>

<span>Extend Gel Novice no contiene HEMA y se elimina tan fácilmente como nuestro Extend Gel. Combina perfectamente con nuestras puntas Neutrals Gel-X y Heavenly Top Gelcoat para una apariencia pulida y sin esfuerzo.</span>


<span>Lo que obtienes:</span>
<span>• 1 frasco de 15 ml</span>
<div class=""product-section__title apres-title""><span>CONSISTENCIA MÁS GRUESA</span></div>
<div class=""product-section__desc apres-desc""><span>Aprés Extend Gel Novice fue creado para los entusiastas principiantes de Gel-X. Su consistencia espesa, parecida a un budín, mantiene la punta Gel-X en su lugar más fácilmente, lo que le permite tener más tiempo para ajustar la colocación o corregir cualquier error.</span></div>
<div>
<div class=""product-section__title apres-title""><span>MAS CONTROL</span></div>
<div class=""product-section__desc apres-desc""><span>Los nuevos usuarios de Gel-X a menudo tienen dificultades para evitar que Extend Gel se desborde y maniobrar adecuadamente la punta Gel-X bajo una luz para curar. ¡Con Extend Gel Novice, puedes soltarlo antes de curar sin preocuparte de que la punta Gel-X se mueva!</span></div>
</div>",https://www.lacopro.cl/producto/apres-novice-gel-x/
"DUO CLEAR 7GR/PEGAMENTO PESTAÑAS TRANSPARENTE 7GR",duo-clear-7gr-pegamento-pestanas-transparente-7gr,,https://www.lacopro.cl/producto/duo-clear-7gr-pegamento-pestanas-transparente-7gr/
"APRES LAMP",apres-lamp,,https://www.lacopro.cl/producto/apres-lamp/
"REFECTOCIL DUO LIFTING",refectocil-duo-lifting,"Refil cuenta con los siguientes productos:
01 unidad de Tubo LashPerm de 3,5 ml
01 unidad de Tubo Neutralizador de 3,5 ml

El refil Refectocil Lash Brow Perm/Neutralizer es el refil ideal para el tratamiento de aumento de pestañas y cejas.

La nueva fórmula tiene queratina hidrolizada que nutre y fortalece el vello de cejas y pestañas para hacer tu mirada aún más bella.

Fácil de aplicar y de rápida acción, ¡en tan solo 10 minutos te sorprenderán aún más los productos RefectoCil!

Cada tubo rinde alrededor de 18 aplicaciones, las cuales pueden variar según cada procedimiento.",https://www.lacopro.cl/producto/refectocil-duo-lifting/
